Age,Dependents,Debt_Ratio,Late_Payment
57,0,0.39,No
34,0,0.51,Yes
42,0,0.48,No
34,0,0.24,No
66,0,0.15,No
53,0,0.11,No
50,2,0.31,No
46,1,0.35,No
29,0,0.25,No
57,0,0.08,No
55,3,0.41,No
46,2,0.58,Yes
24,0,0.05,No
48,0,0.09,No
31,0,0.27,Yes
45,0,0.46,Yes
46,0,0.45,No
35,2,0.30,No
33,0,0.30,No
65,0,0.18,No
43,2,0.31,No
51,3,0.49,No
39,0,0.26,No
42,0,0.83,No
82,0,0.05,No
45,2,0.44,Yes
51,1,0.33,No
74,1,0.08,No
79,0,0.01,No
42,1,0.79,No
48,1,0.37,No
76,0,0.27,No
81,1,0.26,No
37,0,0.29,Yes
34,1,0.85,No
50,2,0.22,No
41,2,0.72,Yes
59,2,0.97,Yes
55,0,0.29,Yes
64,0,0.01,No
49,0,0.25,No
61,1,0.43,No
49,0,0.64,Yes
44,2,0.46,Yes
36,0,0.37,No
44,4,0.26,No
63,0,0.41,No
47,2,0.23,No
60,1,0.45,Yes
38,1,0.39,No
43,1,0.21,No
54,0,0.15,No
68,1,0.33,No
68,1,0.02,No
76,0,0.67,No
62,0,0.25,No
40,4,0.12,No
27,0,0.22,No
38,0,0.00,No
68,0,0.00,No
62,1,0.24,No
60,0,0.24,No
41,2,0.48,No
58,1,0.00,No
54,1,0.93,No
47,3,0.07,No
61,0,0.09,No
61,0,0.27,No
42,3,0.00,No
66,1,0.10,No
51,1,0.49,No
58,1,0.49,No
50,0,0.68,No
54,2,0.69,Yes
66,1,0.29,Yes
76,0,0.01,No
74,0,0.35,Yes
49,1,0.40,No
56,0,0.28,No
53,0,0.31,No
33,0,0.16,No
39,2,0.84,No
32,1,0.39,No
43,2,0.35,Yes
68,0,0.21,Yes
55,0,0.34,No
47,3,0.43,No
46,3,0.47,Yes
64,3,0.16,No
55,0,0.02,No
60,1,0.54,No
67,0,0.33,No
63,0,0.81,No
36,1,0.36,Yes
86,0,0.02,No
39,0,0.33,No
48,2,0.21,No
79,0,0.23,No
52,1,0.48,No
47,0,0.09,No
40,4,0.41,No
28,4,0.19,No
42,2,0.58,No
54,0,0.14,No
36,1,0.09,No
55,0,0.27,Yes
62,1,0.10,No
29,0,0.18,No
40,2,0.36,No
32,0,0.01,No
58,0,0.28,No
72,0,0.04,No
49,4,0.36,No
72,2,0.25,No
66,1,0.20,No
47,3,0.52,Yes
31,0,0.74,No
43,0,0.35,No
67,0,0.01,No
42,0,0.41,Yes
31,0,0.49,No
52,1,0.32,No
56,0,0.34,No
52,0,0.00,No
62,0,0.45,No
46,6,0.16,No
55,0,0.19,No
45,1,0.48,Yes
69,0,0.22,No
49,0,0.15,No
31,0,0.33,No
28,0,0.40,No
59,0,0.33,No
53,3,0.40,No
61,0,0.22,No
34,0,0.40,No
61,0,0.17,No
33,0,0.66,No
38,0,0.64,No
34,1,0.49,No
27,2,0.12,No
37,2,0.48,No
46,2,0.21,No
29,0,0.38,No
56,1,0.23,No
32,0,0.20,Yes
33,2,0.33,No
59,0,0.34,No
51,1,0.02,Yes
79,0,0.01,No
55,1,0.26,Yes
39,1,0.31,Yes
29,0,0.50,No
64,2,0.30,No
57,1,0.32,No
75,0,0.35,No
31,0,0.73,No
78,0,0.06,No
45,1,0.42,No
46,3,0.27,No
53,1,0.34,No
53,2,0.25,No
27,0,0.15,No
55,3,0.87,Yes
47,2,0.19,No
44,0,0.05,No
51,1,0.06,No
54,3,0.17,Yes
42,0,0.21,No
80,0,0.00,No
48,1,0.13,No
56,0,0.36,No
22,0,0.00,No
70,0,0.14,No
54,1,0.04,No
46,4,0.17,No
45,0,0.71,No
66,0,0.19,Yes
55,0,0.35,No
86,0,0.00,No
60,0,0.35,No
72,0,0.15,No
64,0,0.36,No
62,0,0.00,No
36,0,0.66,No
63,0,0.24,No
57,3,0.41,No
45,2,0.20,No
61,0,0.05,No
57,2,0.32,No
58,0,0.24,No
36,2,0.38,No
24,0,0.02,No
60,0,0.54,Yes
38,1,0.30,No
67,0,0.23,No
85,0,0.00,No
47,0,0.14,No
34,3,0.23,No
62,0,0.23,No
48,0,0.40,No
54,3,0.01,No
40,0,0.71,No
42,2,0.21,Yes
32,0,0.27,No
62,1,0.25,No
57,0,0.34,No
48,2,0.69,No
57,1,0.00,No
62,0,0.23,No
52,0,0.54,No
41,0,0.29,No
44,3,0.41,No
77,0,0.03,No
41,1,0.39,Yes
66,0,0.22,No
36,2,0.34,No
49,0,0.91,Yes
41,0,0.19,No
31,0,0.26,Yes
67,0,0.37,No
29,0,0.36,No
39,0,0.10,No
58,1,0.45,Yes
58,0,0.20,No
44,4,0.08,No
35,0,0.24,No
39,1,0.02,No
28,2,0.12,No
70,0,0.04,No
43,2,0.33,No
40,0,0.21,No
32,0,0.12,No
82,0,0.00,No
44,1,0.62,Yes
56,0,0.50,No
39,3,0.15,Yes
64,0,0.25,No
48,0,0.36,No
50,3,0.20,Yes
65,0,0.55,No
38,2,0.42,No
73,0,0.32,No
43,1,0.18,Yes
51,0,0.50,No
62,0,0.53,No
38,0,0.43,Yes
46,0,0.11,Yes
46,1,0.00,No
86,0,0.01,No
59,0,0.62,No
60,2,0.47,No
63,0,0.32,No
43,0,0.16,No
42,0,0.14,No
29,0,0.10,No
70,0,0.41,No
37,0,0.15,No
32,0,0.12,No
69,0,0.29,Yes
73,0,0.17,No
27,1,0.01,No
53,0,0.70,No
42,3,0.44,No
39,2,0.40,No
68,0,0.29,No
47,3,0.09,No
44,2,0.64,No
46,4,0.11,No
62,0,0.07,No
52,1,0.35,Yes
44,2,0.44,No
52,1,0.31,No
40,1,0.47,No
33,0,0.17,Yes
41,1,0.33,No
43,2,0.26,Yes
51,0,0.49,No
69,0,0.17,No
57,0,0.94,Yes
52,2,0.37,No
67,0,0.36,No
64,0,0.34,No
57,0,0.27,No
64,0,0.48,No
67,0,0.22,No
32,0,0.19,Yes
59,1,0.64,No
47,2,0.29,No
33,0,0.27,No
50,0,0.28,No
28,0,0.57,No
45,4,0.37,No
49,0,0.43,No
49,0,0.13,No
55,0,0.38,No
63,0,0.99,No
41,1,0.77,No
31,0,0.42,Yes
65,0,0.30,No
51,0,0.07,No
48,0,0.49,No
46,3,0.34,No
47,0,0.40,No
55,2,0.70,Yes
66,0,0.27,No
52,2,0.44,No
77,0,0.33,No
30,2,0.00,No
35,0,0.40,No
61,0,0.35,No
54,0,0.63,No
64,0,0.00,No
60,0,0.20,No
30,0,0.51,No
55,2,0.54,Yes
47,1,0.37,No
42,4,0.38,No
76,0,0.01,No
34,0,0.03,No
59,1,0.47,No
49,1,0.32,No
44,0,0.24,No
53,4,0.46,No
84,0,0.00,No
72,0,0.04,No
46,4,0.54,No
53,3,0.20,No
31,2,0.41,Yes
98,0,0.01,No
54,0,0.49,No
53,1,0.34,No
51,0,0.26,Yes
60,0,0.49,No
48,1,0.92,Yes
32,1,0.46,No
56,0,0.01,No
49,0,0.22,No
36,1,0.30,No
37,2,0.27,No
53,0,0.47,No
60,0,0.27,No
59,0,0.07,No
44,3,0.00,No
86,1,0.01,No
58,2,0.12,No
49,0,0.05,No
48,0,0.49,No
41,0,0.04,No
56,2,0.32,No
70,0,0.01,No
52,0,0.17,No
63,1,0.36,Yes
63,0,0.26,No
55,0,0.30,No
47,4,0.14,No
50,3,0.25,No
51,0,0.41,No
46,3,0.48,No
33,0,0.33,No
29,3,0.24,No
61,0,0.28,No
46,3,0.25,No
56,1,0.40,No
35,0,0.66,Yes
58,0,0.24,No
24,0,0.17,No
74,0,0.27,No
53,1,0.11,No
35,2,0.48,No
58,1,0.81,No
73,0,0.58,No
68,0,0.31,No
36,0,0.24,No
47,1,0.28,No
52,0,0.16,No
62,1,0.57,No
44,0,0.21,Yes
40,2,0.21,No
61,0,0.35,Yes
49,0,0.54,No
42,2,0.46,No
52,1,0.16,No
56,0,0.35,No
39,0,0.35,No
31,0,0.12,Yes
88,0,0.31,Yes
27,0,0.17,No
61,0,0.54,No
43,1,0.34,No
42,1,0.64,No
46,1,0.05,No
44,0,0.19,No
43,0,0.50,No
37,1,0.14,Yes
59,0,0.65,No
74,8,0.38,No
61,0,0.63,No
47,3,0.04,No
36,0,0.14,No
27,2,0.02,Yes
56,1,0.17,No
51,1,0.56,No
57,4,0.25,No
23,0,0.00,No
60,0,0.49,Yes
47,3,0.03,No
57,1,0.00,No
35,0,0.01,No
41,0,0.23,No
70,1,0.08,No
49,3,0.25,No
54,0,0.45,Yes
56,2,0.85,Yes
57,1,0.04,No
49,3,0.29,Yes
43,5,0.28,No
64,1,0.07,No
32,0,0.09,No
40,0,0.23,No
64,1,0.59,No
65,0,0.22,No
39,2,0.69,Yes
80,0,0.43,No
32,3,0.41,No
37,1,0.29,No
29,2,0.10,No
56,1,0.36,No
48,1,0.83,No
44,2,0.50,No
45,2,0.22,No
57,1,0.16,No
49,0,0.85,No
46,2,0.96,No
61,0,0.05,No
50,2,0.38,No
30,1,0.19,No
51,1,0.00,No
61,2,0.18,Yes
54,1,0.43,Yes
49,3,0.22,No
52,1,0.26,No
27,1,0.01,No
41,1,0.23,No
42,3,0.42,No
67,0,0.54,No
47,2,0.18,No
48,1,0.72,No
45,3,0.67,Yes
51,3,0.50,No
50,0,0.37,No
57,1,0.04,No
33,2,0.11,Yes
41,2,0.25,No
35,0,0.20,No
50,0,0.08,No
37,2,0.26,Yes
75,0,0.59,No
57,2,0.12,No
59,0,0.08,No
69,0,0.01,No
49,2,0.18,No
49,1,0.01,No
44,2,0.25,Yes
52,1,0.13,No
29,0,0.05,No
69,0,0.02,No
30,0,0.25,No
66,0,0.31,No
59,0,0.03,No
36,1,0.08,No
48,0,0.90,No
35,2,0.47,No
52,0,0.24,No
78,0,0.03,No
57,1,0.20,No
47,0,0.34,No
38,3,0.09,No
47,4,0.46,No
39,0,0.28,No
61,0,0.92,No
77,0,0.55,No
26,0,0.17,No
32,0,0.37,No
41,0,0.69,No
65,0,0.01,No
54,0,0.19,No
66,0,0.23,No
48,5,0.13,No
46,0,0.39,No
69,0,0.74,No
42,0,0.59,No
56,0,0.04,No
47,0,0.17,No
83,0,0.00,No
34,0,0.31,No
51,0,0.75,No
32,0,0.19,No
24,0,0.00,No
55,4,0.22,No
57,0,0.28,No
60,0,0.08,No
69,0,0.24,No
41,3,0.52,Yes
81,0,0.23,No
34,0,0.29,No
70,1,0.19,No
27,0,0.31,No
52,3,0.38,No
63,0,0.26,No
48,2,0.58,No
31,0,0.03,No
75,0,0.25,No
57,3,0.39,Yes
24,0,0.00,No
37,1,0.00,No
81,0,0.01,No
57,1,0.33,No
27,0,0.18,No
75,0,0.52,No
37,1,0.37,No
47,1,0.06,No
69,0,0.17,No
42,0,0.01,Yes
48,3,0.81,No
42,0,0.02,Yes
38,1,0.49,No
40,1,0.71,Yes
50,1,0.61,No
73,1,0.33,No
62,1,0.35,No
27,2,0.24,No
32,2,0.16,No
31,0,0.16,No
63,0,0.45,No
30,0,0.08,Yes
54,0,0.39,No
46,0,0.31,No
49,0,0.41,No
51,1,0.28,No
59,0,0.37,No
62,0,0.30,No
57,0,0.37,No
34,0,0.42,Yes
69,1,0.33,No
26,0,0.00,No
56,0,0.37,No
58,1,0.42,No
48,1,0.58,No
34,0,0.01,Yes
25,0,0.07,No
58,0,0.00,No
63,1,0.05,No
78,0,0.22,No
50,2,0.61,Yes
62,0,0.73,No
43,3,0.54,No
41,3,0.67,No
70,0,0.09,No
61,1,0.15,No
55,0,0.13,No
38,1,0.78,No
93,0,0.00,No
50,2,0.73,No
65,3,0.11,No
50,1,0.17,Yes
77,0,0.00,No
75,0,0.00,No
56,1,0.50,Yes
36,2,0.08,No
44,3,0.35,Yes
27,0,0.19,No
56,0,0.28,No
68,0,0.35,No
76,0,0.14,No
68,0,0.33,No
38,3,0.35,No
57,0,0.31,Yes
51,1,0.28,No
33,3,0.16,Yes
56,0,0.58,No
72,0,0.19,No
53,0,0.00,Yes
81,0,0.01,No
55,0,0.30,No
21,0,0.00,No
53,0,0.67,No
34,2,0.25,Yes
64,0,0.47,No
49,0,0.00,No
39,3,0.12,Yes
67,0,0.09,No
42,0,0.42,No
53,2,0.49,No
33,0,0.15,No
41,2,0.26,No
60,0,0.04,No
26,0,0.13,No
47,0,0.39,No
55,0,0.43,No
59,0,0.01,No
30,0,0.04,No
57,0,0.38,No
72,0,0.58,No
83,0,0.14,No
40,1,0.45,No
32,0,0.27,No
31,2,0.38,No
59,2,0.49,No
58,0,0.00,No
37,0,0.43,Yes
30,0,0.47,No
66,0,0.64,No
73,1,0.31,No
35,0,0.44,No
57,0,0.10,No
65,0,0.32,No
37,0,0.44,No
27,1,0.88,No
35,2,0.34,No
32,0,0.21,Yes
28,3,0.11,Yes
38,2,0.41,No
49,3,0.75,No
54,2,0.58,Yes
59,0,0.22,No
55,0,0.25,No
54,0,0.98,No
44,5,0.76,No
58,1,0.23,No
48,2,0.30,No
31,0,0.51,No
48,0,0.75,No
81,0,0.16,No
58,0,0.78,No
54,3,0.22,No
54,0,0.64,No
34,0,0.37,No
51,2,0.33,No
31,1,0.38,No
60,0,0.46,No
62,1,0.19,No
56,0,0.19,No
63,0,0.05,No
60,0,0.27,Yes
65,1,0.13,No
54,2,0.01,Yes
66,1,0.45,No
56,2,0.70,No
34,0,0.36,No
48,5,0.37,Yes
63,0,0.04,No
47,2,0.22,No
62,0,0.38,No
56,1,0.26,No
32,3,0.01,No
55,1,0.03,No
67,1,0.63,No
57,1,0.01,No
36,2,0.37,No
59,0,0.30,No
59,0,0.66,No
29,0,0.30,No
41,0,0.52,No
75,0,0.26,No
63,0,0.47,Yes
73,1,0.44,No
38,2,0.13,No
46,2,0.29,Yes
47,0,0.26,Yes
50,4,0.61,No
48,3,0.28,No
28,0,0.04,No
38,0,0.09,No
79,1,0.40,No
27,0,0.12,No
29,0,0.20,No
77,0,0.09,No
64,2,0.47,No
79,0,0.00,No
57,0,0.56,Yes
43,1,0.38,No
45,3,0.35,No
29,0,0.26,Yes
71,2,0.23,No
55,0,0.73,Yes
50,0,0.31,No
54,0,0.24,Yes
51,0,0.40,No
45,3,0.58,No
69,0,0.02,No
69,0,0.00,No
51,0,0.89,No
32,2,0.36,No
56,2,0.28,No
57,0,0.31,No
69,0,0.35,Yes
46,3,0.38,No
33,1,0.54,No
50,5,0.41,No
58,0,0.19,No
71,0,0.01,No
53,0,0.20,No
61,0,0.17,No
30,1,0.15,Yes
38,1,0.71,No
28,0,0.11,No
31,1,0.28,No
52,0,0.72,Yes
47,2,0.35,No
46,3,0.27,No
63,0,0.01,No
40,2,0.42,No
35,1,0.10,No
27,0,0.13,No
62,0,0.01,No
25,0,0.33,No
72,0,0.19,No
71,0,0.20,No
26,0,0.67,No
48,2,0.50,No
33,3,0.06,No
49,3,0.72,No
57,0,0.05,No
30,0,0.28,No
60,1,0.37,No
63,1,0.33,No
51,2,0.23,No
78,1,0.27,No
57,0,0.39,Yes
41,0,0.42,No
46,2,0.45,Yes
75,0,0.01,No
51,0,0.51,No
79,1,0.16,No
39,0,0.00,No
64,0,0.18,No
50,0,0.41,No
39,0,0.14,No
48,0,0.14,Yes
44,3,0.37,No
32,0,0.18,No
41,2,0.17,No
64,0,0.00,No
37,1,0.15,Yes
71,0,0.54,No
52,1,0.81,No
60,0,0.41,No
55,0,0.24,Yes
45,2,0.34,No
45,2,0.22,No
86,1,0.60,No
63,3,0.47,No
62,0,0.17,No
71,0,0.19,No
48,1,0.13,No
50,0,0.00,No
45,2,0.28,Yes
41,4,0.22,No
63,0,0.23,No
45,2,0.38,No
70,0,0.11,No
53,0,0.51,No
27,3,0.10,No
52,1,0.52,Yes
47,2,0.56,No
35,0,0.33,Yes
56,0,0.37,No
43,2,0.45,Yes
44,2,0.25,Yes
57,0,0.04,No
67,0,0.04,No
39,1,0.18,No
47,0,0.49,No
73,0,0.21,No
57,3,0.53,No
61,0,0.26,No
42,2,0.23,No
49,0,0.18,No
44,4,0.43,Yes
54,0,0.37,No
29,0,0.07,No
43,0,0.45,No
55,0,0.48,No
90,0,0.00,No
53,3,0.54,No
44,5,0.35,No
35,1,1.00,No
45,2,0.36,Yes
26,2,0.08,No
63,1,0.22,No
71,0,0.06,No
38,0,0.10,No
30,0,0.16,No
82,0,0.24,No
37,0,0.67,No
49,0,0.78,No
45,1,0.33,Yes
67,0,0.12,No
41,0,0.49,No
43,1,0.04,No
76,0,0.12,No
85,0,0.27,No
38,0,0.27,Yes
41,0,0.08,No
71,0,0.31,No
64,0,0.84,No
40,0,0.27,No
44,1,0.29,No
46,1,0.93,No
49,0,0.28,No
40,1,0.70,No
80,0,0.18,No
63,0,0.30,No
33,0,0.00,No
59,0,0.44,Yes
42,0,0.59,No
51,4,0.55,Yes
71,1,0.10,No
48,1,0.02,No
61,0,0.53,No
33,0,0.85,No
62,1,0.23,No
65,1,0.09,No
62,1,0.16,No
49,0,0.06,No
77,0,0.29,No
50,4,0.36,No
56,1,0.34,No
57,0,0.28,No
38,1,0.49,No
80,0,0.11,No
62,0,0.61,Yes
56,0,0.26,No
57,0,0.46,No
27,1,0.10,No
51,4,0.21,No
47,0,0.08,No
54,0,0.31,No
33,0,0.16,No
49,3,0.26,Yes
41,2,0.29,No
40,2,0.32,No
65,2,0.28,No
37,4,0.28,No
76,1,0.39,No
33,0,0.73,No
37,0,0.64,No
45,0,0.14,No
34,1,0.37,No
64,0,0.19,No
44,0,0.00,Yes
60,2,0.60,Yes
45,1,0.37,Yes
36,2,0.44,No
29,3,0.12,No
60,0,0.01,No
45,3,0.13,No
65,0,0.18,No
43,5,0.94,Yes
25,0,0.29,No
36,0,0.27,No
60,0,0.49,No
32,1,0.52,No
30,0,0.01,No
50,2,0.49,No
47,2,0.46,No
46,2,0.38,No
39,0,0.53,No
41,1,0.38,Yes
58,0,0.32,No
40,0,0.27,No
74,0,0.00,No
34,0,0.06,No
63,0,0.31,No
52,0,0.58,No
77,0,0.56,No
33,0,0.13,No
56,1,0.24,No
25,0,0.24,No
60,0,0.43,No
60,2,0.35,No
43,3,0.41,No
85,0,0.00,No
46,0,0.25,No
66,0,0.02,No
46,2,0.10,No
38,2,0.12,No
33,0,0.35,Yes
39,4,0.31,Yes
31,0,0.33,Yes
54,0,0.51,No
52,0,0.10,No
80,1,0.23,No
74,1,0.11,No
59,0,0.35,No
31,1,0.49,Yes
43,1,0.20,No
49,1,0.07,No
48,0,0.81,No
39,2,0.50,Yes
51,1,0.57,No
42,0,0.36,No
40,3,0.88,No
69,0,0.14,No
56,0,0.31,No
43,2,0.50,No
40,0,0.49,No
64,0,0.24,Yes
45,0,0.21,No
69,0,0.43,No
61,0,0.36,No
75,0,0.19,No
67,1,0.10,No
65,0,0.21,No
51,3,0.45,No
59,0,0.33,No
49,0,0.48,No
57,2,0.61,No
38,1,0.10,No
57,0,0.62,Yes
38,0,0.30,No
39,1,0.44,Yes
67,0,0.16,No
80,0,0.00,No
76,0,0.55,No
49,0,0.49,Yes
45,0,0.33,No
41,0,0.83,No
37,2,0.42,No
67,0,0.25,No
47,2,0.05,No
69,0,0.36,No
36,0,0.33,No
70,0,0.33,No
61,0,0.85,No
67,0,0.03,No
58,2,0.28,No
30,0,0.22,Yes
51,1,0.19,No
48,0,0.50,Yes
39,1,0.14,Yes
69,0,0.03,No
64,0,0.11,No
74,0,0.01,No
35,3,0.31,Yes
44,1,0.63,No
50,3,0.37,No
61,0,0.47,Yes
51,0,0.34,No
75,0,0.02,No
44,0,0.13,No
51,2,0.69,No
31,0,0.36,No
43,0,0.09,No
37,0,0.29,No
74,0,0.01,Yes
28,1,0.10,No
42,2,0.00,No
63,1,0.28,No
38,1,0.21,No
33,0,0.18,No
43,0,0.03,Yes
63,0,0.00,No
47,3,0.32,No
68,1,0.01,No
66,0,0.05,No
36,0,0.14,No
43,2,0.28,No
69,0,0.91,No
53,0,0.21,No
60,0,0.18,No
60,0,0.82,No
42,2,0.39,No
39,1,0.20,Yes
62,3,0.16,No
54,1,0.37,No
46,4,0.00,No
83,0,0.14,No
54,1,0.23,No
39,2,0.40,No
40,2,0.07,No
27,1,0.12,No
54,1,0.47,No
78,0,0.17,No
64,0,0.48,No
53,1,0.60,Yes
42,3,0.29,No
66,0,0.27,Yes
45,0,0.22,No
34,0,0.15,No
91,0,0.00,No
37,0,0.02,No
31,0,0.07,No
34,0,0.17,No
48,2,0.47,Yes
58,0,0.29,No
50,0,0.18,No
52,0,0.67,No
50,2,0.27,No
60,0,0.80,Yes
43,2,0.00,No
32,2,0.11,No
47,0,0.23,No
62,0,0.57,No
58,2,0.15,No
49,1,0.59,No
49,3,0.17,No
31,0,0.70,No
50,1,0.54,No
34,1,0.25,No
47,2,0.07,No
52,1,0.01,No
43,1,0.45,No
27,0,0.06,No
38,3,0.13,No
55,0,0.12,No
63,1,0.10,No
63,0,0.34,No
60,0,0.22,No
63,0,0.20,No
42,0,0.20,No
27,0,0.01,Yes
64,0,0.60,Yes
64,1,0.16,No
32,2,0.44,No
61,0,0.62,No
40,3,0.92,Yes
44,0,0.66,Yes
35,0,0.14,Yes
50,0,0.10,No
38,3,0.11,No
71,0,0.02,No
55,1,0.31,No
33,0,0.33,No
44,3,0.44,No
43,2,0.42,Yes
56,1,0.11,Yes
27,1,0.23,Yes
46,2,0.14,Yes
48,4,0.43,No
57,0,0.12,No
63,0,0.65,No
66,0,0.26,No
62,0,0.44,No
59,0,0.27,No
60,0,0.12,Yes
46,0,0.05,No
29,0,0.05,No
39,0,0.20,No
41,0,0.42,No
44,0,0.15,No
45,2,0.20,No
70,0,0.19,No
53,6,0.56,No
49,0,0.08,No
42,2,0.35,No
25,0,0.48,No
76,0,0.41,No
60,0,0.04,Yes
55,1,0.08,Yes
56,0,0.18,No
60,1,0.56,No
40,2,0.07,No
22,0,0.00,No
54,2,0.45,No
37,0,0.29,No
30,0,0.21,No
62,0,0.12,No
39,1,0.98,No
36,0,0.63,Yes
54,2,0.09,No
56,0,0.37,Yes
50,2,0.31,No
79,0,0.12,No
66,0,0.54,No
68,0,0.27,No
40,1,0.52,No
45,2,0.24,No
63,2,0.01,No
46,0,0.18,No
38,1,0.14,No
42,2,0.40,No
42,2,0.39,No
56,0,0.01,No
66,0,0.50,No
30,0,0.00,Yes
71,1,0.25,No
56,1,0.44,No
29,0,0.31,No
51,1,0.57,Yes
41,1,0.22,No
33,0,0.11,No
62,1,0.87,No
55,2,0.31,No
45,1,0.64,Yes
48,0,0.26,No
64,0,0.34,No
65,0,0.14,No
44,5,0.12,No
78,0,0.04,No
26,0,0.10,Yes
60,0,0.27,No
66,0,0.57,No
53,0,0.17,No
46,3,0.39,No
65,0,0.05,No
57,1,0.43,No
53,2,0.36,No
76,0,0.69,No
50,2,0.39,Yes
65,1,0.67,No
66,0,0.40,No
52,0,0.24,No
73,0,0.18,No
63,0,0.44,No
64,0,0.28,Yes
58,1,0.59,No
58,0,0.36,No
52,0,0.00,No
46,1,0.26,No
87,0,0.15,No
85,0,0.32,No
47,2,0.58,No
40,0,0.21,No
36,6,0.40,No
52,0,0.14,No
46,0,0.94,No
89,0,0.46,No
42,2,0.88,No
41,4,0.21,No
69,1,0.01,No
61,0,0.22,No
34,0,0.27,No
40,2,0.02,Yes
34,2,0.22,No
65,0,0.97,No
57,0,0.37,Yes
56,4,0.47,No
54,2,0.71,No
73,0,0.29,No
59,1,0.03,No
54,3,0.28,No
96,0,0.04,No
45,0,0.33,No
72,0,0.04,No
50,2,0.42,Yes
57,0,0.38,No
68,1,0.24,Yes
53,3,0.52,Yes
61,1,0.43,No
38,1,0.62,No
60,0,0.14,No
70,0,0.60,No
29,2,0.13,No
59,1,0.26,No
67,0,0.23,No
70,0,0.09,No
45,1,0.22,No
44,2,0.35,No
51,1,0.71,Yes
46,2,0.65,No
53,2,0.22,No
52,2,0.35,No
36,1,0.26,No
29,0,0.05,No
59,0,0.30,Yes
62,0,0.33,No
43,2,0.22,No
47,0,0.34,No
61,1,0.25,No
52,0,0.21,No
43,0,0.13,No
37,5,0.18,No
52,1,0.24,No
45,0,0.27,No
29,0,0.02,No
78,2,0.27,Yes
38,2,0.02,No
51,0,0.09,Yes
60,0,0.11,No
30,2,0.14,No
36,2,0.25,No
30,0,0.61,No
26,1,0.16,No
75,0,0.00,No
26,0,0.31,No
86,0,0.66,No
44,1,0.44,Yes
54,1,0.16,No
50,2,0.29,No
27,0,0.28,No
25,0,0.21,No
56,0,0.26,Yes
62,1,0.36,Yes
41,4,0.02,No
42,2,0.84,No
76,0,0.14,No
33,0,0.40,Yes
24,1,0.02,Yes
40,1,0.87,No
63,0,0.07,No
43,2,0.56,No
50,3,0.38,No
51,3,0.07,No
65,2,0.28,No
82,0,0.02,No
45,0,0.48,Yes
41,2,0.11,No
34,0,0.03,No
62,0,0.26,No
68,1,0.15,No
46,4,0.45,No
68,0,0.00,No
46,3,0.52,No
46,3,0.56,Yes
45,0,0.73,No
62,2,0.31,No
63,0,0.40,Yes
39,2,0.18,Yes
59,2,0.55,No
78,0,0.46,No
68,0,0.48,No
68,1,0.06,No
76,0,0.33,No
56,1,0.06,No
44,0,0.14,Yes
49,1,0.23,No
64,0,0.01,No
86,0,0.09,No
57,2,0.71,No
24,0,0.18,Yes
57,0,0.36,No
34,5,0.20,No
63,0,0.19,Yes
55,0,0.12,No
69,0,0.00,No
55,1,0.51,Yes
77,0,0.36,No
64,0,0.63,No
71,0,0.06,No
37,1,0.94,No
67,1,0.17,No
37,1,0.09,Yes
28,0,0.01,No
51,1,0.44,No
53,0,0.09,No
62,1,0.68,No
41,0,0.34,Yes
36,0,0.09,No
54,2,0.78,Yes
49,2,0.24,Yes
49,3,0.32,No
48,1,0.25,No
63,0,0.02,No
60,0,0.08,No
60,1,0.34,No
40,2,0.77,No
64,0,0.28,No
49,1,0.27,No
67,0,0.43,Yes
77,0,0.07,No
38,1,0.34,No
58,0,0.38,Yes
36,3,0.51,No
54,2,0.30,No
72,0,0.16,No
38,0,0.38,Yes
30,0,0.37,No
43,4,0.35,No
34,2,0.11,No
58,1,0.42,No
73,1,0.66,Yes
40,1,0.40,No
39,0,0.38,No
34,0,0.87,Yes
37,0,0.52,No
37,2,0.85,No
58,3,0.78,Yes
54,1,0.10,No
75,0,0.20,No
38,2,0.55,No
55,0,0.15,No
33,0,0.18,No
36,2,0.16,No
41,0,0.19,No
29,0,0.31,No
56,2,0.20,No
35,1,0.18,No
48,0,0.37,No
70,0,0.34,No
81,0,0.00,No
51,0,0.26,No
48,0,0.46,No
41,4,0.37,No
34,1,0.42,Yes
40,0,0.23,No
41,1,0.04,No
52,2,0.26,No
47,2,0.14,No
60,0,0.79,No
72,0,0.62,No
52,2,0.09,No
86,0,0.32,No
25,0,0.67,No
53,1,0.02,No
33,2,0.37,No
66,1,0.19,No
55,0,0.44,No
80,0,0.01,No
43,2,0.13,No
44,3,0.09,No
34,5,0.22,No
31,1,0.82,No
67,0,0.47,No
63,2,0.62,No
41,0,0.35,No
31,0,0.62,No
37,2,0.42,No
66,0,0.06,No
36,1,0.55,Yes
53,1,0.41,No
37,0,0.37,No
52,2,0.65,Yes
81,0,0.01,No
35,0,0.55,No
35,0,0.21,No
54,0,0.17,No
77,1,0.15,No
35,3,0.09,Yes
23,2,0.18,No
56,0,0.13,No
58,1,0.01,No
53,0,0.27,No
71,0,0.31,No
46,0,0.35,No
46,3,0.19,No
65,3,0.22,No
37,1,0.09,No
56,0,0.00,No
56,1,0.90,Yes
55,1,0.14,No
52,1,0.50,No
48,0,0.15,No
36,1,0.62,No
60,0,0.02,No
49,1,0.54,No
52,3,0.48,Yes
65,0,0.57,Yes
49,1,0.63,Yes
52,0,0.26,No
43,4,0.68,No
43,2,0.21,No
34,1,0.00,No
59,0,0.42,Yes
33,2,0.51,Yes
38,2,0.15,No
30,0,0.15,Yes
55,0,0.41,No
40,3,0.41,No
42,2,0.55,No
63,0,0.16,Yes
76,0,0.00,No
65,0,0.00,No
54,1,0.35,No
55,2,0.33,Yes
61,2,0.00,No
52,0,0.17,No
45,0,0.18,No
60,0,0.01,No
49,1,0.18,No
30,0,0.26,No
44,0,0.42,No
70,1,0.01,No
46,3,0.99,Yes
82,1,0.33,Yes
36,1,0.10,No
48,3,0.13,No
54,0,0.21,No
49,2,0.00,No
34,0,0.43,Yes
36,3,0.68,No
40,0,0.77,No
74,0,0.00,No
55,1,0.75,Yes
61,0,0.18,Yes
85,0,0.63,No
78,1,0.00,No
72,0,0.28,No
62,0,0.27,No
57,1,0.25,Yes
39,0,0.43,No
51,3,0.38,No
45,0,0.24,No
46,1,0.28,Yes
45,0,0.32,No
53,0,0.15,No
45,0,0.46,No
51,3,0.49,No
59,0,0.62,No
65,0,0.42,No
46,1,0.12,No
56,1,0.02,No
55,3,0.30,No
73,1,0.39,No
55,2,0.33,Yes
50,1,0.12,No
67,1,0.10,No
41,2,0.22,No
50,0,0.91,No
55,0,0.36,No
57,1,0.38,Yes
41,0,0.08,No
34,3,0.36,No
88,0,0.00,No
32,0,0.18,No
23,0,0.25,No
71,1,0.00,No
59,1,0.20,No
31,0,0.38,No
65,0,0.41,No
60,2,0.22,No
40,1,0.52,No
62,1,0.23,No
76,0,0.21,No
53,0,0.11,No
77,1,0.46,No
39,2,0.35,No
62,0,0.05,No
37,3,0.10,No
33,0,0.83,No
55,0,0.03,No
54,3,0.91,No
38,0,0.56,No
54,2,0.23,No
49,0,0.09,No
36,2,0.24,No
72,0,0.00,No
74,0,0.31,No
55,2,0.37,No
80,0,0.13,No
61,0,0.44,Yes
70,0,0.45,No
44,4,0.47,Yes
45,0,0.41,No
31,1,0.53,No
63,1,0.13,No
39,3,0.60,No
63,3,0.02,No
71,0,0.26,No
44,4,0.30,Yes
56,0,0.68,No
64,0,0.58,No
34,0,0.75,No
36,2,0.53,No
50,5,0.35,Yes
65,0,0.61,Yes
36,0,0.39,No
53,0,0.54,Yes
62,2,0.11,No
80,0,0.51,No
50,3,0.65,No
47,0,0.13,No
49,0,0.57,No
43,2,0.21,No
60,0,0.63,Yes
40,0,0.13,No
38,1,0.67,No
53,3,0.20,No
56,0,0.43,Yes
29,0,0.24,Yes
59,2,0.30,No
58,0,0.19,Yes
68,0,0.26,No
50,2,0.63,No
49,0,0.33,No
36,0,0.08,No
73,0,0.50,No
25,0,0.33,No
55,7,0.17,No
65,0,0.99,No
52,0,0.11,Yes
68,0,0.47,No
31,0,0.30,No
78,0,0.56,No
54,0,0.68,Yes
73,0,0.00,No
60,0,0.63,No
45,2,0.29,No
49,3,0.66,No
57,2,0.23,No
62,0,0.00,No
23,0,0.57,Yes
59,2,0.17,No
67,0,0.55,No
28,0,0.42,Yes
70,0,0.00,No
40,2,0.13,Yes
55,0,0.24,No
52,0,0.74,No
27,0,0.27,No
56,0,0.09,No
61,0,0.26,No
55,1,0.02,Yes
58,0,0.36,No
45,2,0.26,No
61,2,0.34,No
37,1,0.56,No
58,1,0.41,No
32,0,0.41,No
80,1,0.48,No
45,0,0.31,No
48,3,0.35,No
45,0,0.26,Yes
32,2,0.29,No
55,0,0.42,No
52,2,0.65,No
38,2,0.39,No
60,0,0.53,No
30,0,0.27,No
79,0,0.01,No
70,1,0.31,No
66,0,0.09,No
60,1,0.35,No
67,1,0.01,No
76,1,0.73,No
83,0,0.00,No
63,0,0.14,No
59,0,0.00,No
70,0,0.00,No
25,0,0.28,No
80,0,0.00,No
60,0,0.63,Yes
39,0,0.57,Yes
80,0,0.12,No
62,1,0.62,No
52,2,0.02,No
65,1,0.35,No
53,3,0.31,No
31,0,0.06,No
57,0,0.24,No
42,0,0.56,No
40,0,0.19,No
44,2,0.44,Yes
42,4,0.08,No
51,2,0.47,No
50,0,0.64,No
43,0,0.76,No
60,0,0.00,No
82,1,0.07,Yes
65,0,0.34,No
67,0,0.50,No
32,1,0.03,Yes
65,0,0.31,Yes
57,2,0.01,No
47,2,0.45,No
44,0,0.08,No
69,0,0.01,No
57,0,0.10,No
86,1,0.01,No
61,1,0.00,No
38,2,0.94,No
71,0,0.19,Yes
66,0,0.00,No
72,0,0.15,No
50,0,0.36,Yes
63,1,0.56,No
37,0,0.73,Yes
37,0,0.14,No
43,0,0.54,Yes
55,0,0.20,No
29,0,0.03,No
61,0,0.29,No
59,0,0.52,No
32,0,0.37,No
37,0,0.00,No
56,0,0.44,No
68,0,0.00,No
48,0,0.20,No
63,4,0.20,Yes
76,0,0.01,No
37,0,0.07,No
47,1,0.75,No
54,1,0.24,No
61,1,0.95,Yes
40,0,0.44,Yes
45,1,0.11,No
28,3,0.04,Yes
53,2,0.22,Yes
55,4,0.16,No
46,3,0.42,Yes
59,0,0.30,Yes
39,0,0.05,No
41,1,0.41,Yes
54,1,0.62,No
55,0,0.02,Yes
38,0,0.27,No
24,0,0.00,No
26,0,0.06,No
24,0,0.00,No
48,2,0.78,No
56,2,0.38,No
54,2,0.02,No
52,1,0.43,Yes
28,0,0.11,No
39,2,0.23,No
54,1,0.15,No
49,1,0.43,No
55,0,0.38,No
63,0,0.44,No
57,3,0.19,No
63,1,0.28,No
46,7,0.43,No
50,0,0.44,Yes
54,0,0.38,No
60,0,0.71,No
38,2,0.71,No
70,1,0.17,No
49,0,0.49,No
50,1,0.31,No
39,0,0.33,No
66,0,0.39,No
65,0,0.08,No
56,2,0.32,No
55,0,0.17,No
68,0,0.21,No
48,0,0.36,No
52,1,0.42,No
50,0,0.20,No
44,0,0.06,No
50,1,0.43,No
33,0,0.21,No
27,0,0.14,Yes
74,0,0.01,No
60,0,0.65,No
27,0,0.04,No
45,0,0.25,No
58,0,0.03,No
36,1,0.56,No
30,0,0.15,Yes
31,0,0.51,No
54,0,0.26,No
40,0,0.67,No
78,0,0.50,No
48,3,0.23,No
58,0,0.01,No
86,0,0.14,No
53,0,0.33,No
71,0,0.01,No
52,0,0.00,No
47,1,0.67,No
57,0,0.36,No
57,1,0.03,Yes
42,2,0.32,No
33,2,0.13,No
60,2,0.36,No
46,2,0.21,No
54,1,0.13,Yes
60,0,0.19,No
78,0,0.02,No
31,0,0.37,No
39,1,0.49,No
40,3,0.12,Yes
48,3,0.72,No
43,2,0.14,No
56,2,0.27,No
61,1,0.20,No
54,0,0.22,No
49,1,0.66,Yes
49,2,0.28,No
46,3,0.19,No
69,0,0.01,No
71,2,0.29,No
63,0,0.65,No
62,0,0.41,Yes
53,1,0.25,No
57,1,0.17,No
39,0,0.38,No
51,3,0.35,No
60,0,0.45,Yes
78,0,0.07,No
84,0,0.01,No
49,0,0.26,No
38,0,0.35,Yes
66,0,0.38,No
34,1,0.03,No
37,3,0.89,No
23,0,0.00,No
31,0,0.32,No
49,1,0.04,No
59,0,0.16,No
77,0,0.24,No
42,3,0.49,No
43,0,0.21,Yes
64,0,0.64,No
60,0,0.62,No
57,0,0.36,No
75,0,0.08,No
50,3,0.75,No
40,2,0.28,No
46,0,0.29,No
40,0,0.03,No
74,0,0.00,No
32,3,0.20,Yes
59,0,0.09,No
45,3,0.29,No
30,0,0.47,No
46,4,0.28,Yes
59,0,0.27,No
74,0,0.15,No
38,2,0.70,Yes
55,0,0.01,Yes
62,1,0.41,No
70,0,0.34,No
52,2,0.16,No
81,1,0.17,No
66,1,0.29,Yes
63,0,0.03,No
55,2,0.39,No
36,0,0.34,No
28,1,0.19,No
31,0,0.75,Yes
64,0,0.02,No
69,0,0.76,No
56,1,0.13,No
45,2,0.42,No
50,3,0.51,No
76,0,0.45,No
28,0,0.06,No
54,1,0.46,No
34,1,0.26,No
58,4,0.37,No
41,2,0.15,No
61,0,0.67,No
65,0,0.41,No
60,0,0.29,No
54,0,0.38,Yes
59,1,0.48,Yes
49,0,0.10,No
65,0,0.31,Yes
34,0,0.40,No
51,0,0.25,No
49,1,0.43,Yes
59,0,0.79,No
56,2,0.55,No
39,1,0.28,No
44,1,0.29,No
59,2,0.02,Yes
34,0,0.56,No
51,2,0.65,No
56,0,0.32,No
46,2,0.07,No
58,0,0.13,No
49,3,0.29,No
54,1,0.25,No
65,0,0.66,No
49,0,0.68,No
52,0,0.32,No
37,2,0.19,No
71,0,0.15,No
73,0,0.76,No
54,0,0.67,No
54,1,0.26,Yes
45,0,0.53,No
53,2,0.23,No
38,0,0.22,No
54,1,0.51,Yes
44,2,0.25,Yes
58,0,0.10,No
33,0,0.30,No
30,1,0.02,No
65,0,0.00,No
48,2,0.67,No
59,1,0.32,No
55,1,0.66,No
55,0,0.38,No
32,1,0.69,Yes
40,1,0.50,No
25,1,0.06,Yes
39,2,0.74,No
58,1,0.42,No
26,0,0.37,No
42,1,0.20,Yes
32,1,0.59,No
41,0,0.20,No
53,0,0.67,Yes
44,1,0.36,No
73,0,0.34,Yes
31,2,0.08,No
62,0,0.43,No
31,1,0.24,No
22,0,0.00,No
50,3,0.10,No
31,2,0.02,No
52,1,0.22,No
71,0,0.40,No
51,3,0.59,No
40,3,0.14,No
51,0,0.10,Yes
66,0,0.05,No
66,1,0.05,No
26,1,0.07,No
45,0,0.46,No
60,0,0.27,No
37,1,0.33,No
52,1,0.11,No
40,1,0.12,No
54,1,0.68,No
41,3,0.15,No
61,1,0.21,No
46,0,0.64,Yes
42,2,0.70,Yes
56,0,0.19,No
34,0,0.24,Yes
63,1,0.22,No
41,3,0.04,No
58,0,0.17,No
39,0,0.45,No
29,3,0.22,No
48,0,0.04,No
45,0,0.26,No
62,0,0.30,No
65,0,0.15,No
65,1,0.24,No
53,0,0.18,Yes
37,2,0.10,No
47,0,0.01,No
29,1,0.30,No
35,0,0.23,Yes
31,0,0.69,No
38,2,0.44,No
54,0,0.96,Yes
34,0,0.19,No
57,1,0.41,No
57,0,0.45,No
45,2,0.50,Yes
48,0,0.78,No
55,0,0.32,No
71,0,0.12,No
68,1,0.09,No
40,3,0.63,Yes
45,4,0.77,No
37,0,0.09,No
34,2,0.31,No
47,1,0.23,No
55,3,0.34,No
63,0,0.16,No
63,0,0.18,No
58,1,0.40,No
56,2,0.01,No
31,2,0.53,No
64,1,0.09,No
58,0,0.24,No
37,2,0.45,No
82,1,0.00,No
81,0,0.01,No
45,2,0.16,No
60,2,0.06,No
45,3,0.38,Yes
41,3,0.69,Yes
61,1,0.57,No
58,0,0.26,No
51,2,0.47,No
33,1,0.79,No
50,1,0.32,Yes
51,2,0.73,No
61,0,0.01,No
51,0,0.50,No
52,0,0.22,No
78,0,0.54,No
28,0,0.06,Yes
35,2,0.13,No
30,1,0.21,No
61,0,0.28,No
64,3,0.63,Yes
29,0,0.24,No
38,0,0.71,No
80,0,0.83,No
46,3,0.31,No
55,0,0.24,Yes
62,0,0.00,No
50,1,0.13,Yes
31,2,0.35,No
54,2,0.73,Yes
76,0,0.67,No
45,2,0.80,No
44,2,0.55,Yes
23,0,0.01,No
24,0,0.00,No
62,2,0.16,No
63,0,0.41,No
87,0,0.00,No
52,0,0.07,Yes
59,2,0.44,Yes
48,1,0.11,No
49,0,0.41,Yes
25,1,0.08,Yes
40,3,0.73,No
55,0,0.22,Yes
63,0,0.67,No
49,0,0.08,Yes
44,0,0.46,No
59,0,0.31,No
58,0,0.51,No
87,0,0.30,No
55,0,0.65,Yes
46,0,0.15,No
50,1,0.36,No
66,0,0.00,No
69,1,0.16,No
38,0,0.23,No
26,0,0.00,No
26,0,0.05,No
39,5,0.33,No
44,2,0.28,No
33,1,0.55,No
72,1,0.17,No
65,0,0.58,No
78,0,0.01,No
68,1,0.62,No
31,4,0.05,No
29,0,0.19,No
25,0,0.63,No
71,0,0.34,No
28,1,0.25,Yes
58,0,0.43,No
69,0,0.50,No
40,0,0.15,No
55,1,0.66,No
35,0,0.32,Yes
74,0,0.16,No
32,2,0.27,No
51,1,0.35,No
63,1,0.10,No
56,2,0.33,No
64,0,0.30,No
53,4,0.48,No
59,0,0.01,No
53,1,0.42,No
45,0,0.07,Yes
54,0,0.84,No
60,1,0.00,No
41,2,0.44,No
70,0,0.33,No
50,0,0.25,No
49,0,0.31,No
80,0,0.10,No
65,2,0.22,No
65,0,0.72,Yes
66,0,0.52,Yes
41,0,0.05,No
67,0,0.22,No
58,0,0.35,Yes
50,0,0.20,No
81,0,0.15,Yes
31,0,0.32,Yes
39,1,0.15,No
79,0,0.13,No
31,3,0.15,No
60,0,0.43,No
33,0,0.19,Yes
46,0,0.18,No
49,4,0.35,No
54,2,0.52,No
46,2,0.37,No
42,2,0.13,No
38,3,0.13,No
43,2,0.53,No
60,0,0.17,No
43,1,0.10,No
40,0,0.34,No
47,0,0.01,No
59,4,0.22,No
54,0,0.67,No
43,1,0.00,No
34,1,0.26,No
36,0,0.32,No
60,0,0.27,No
42,2,0.51,No
36,0,0.74,Yes
41,0,0.10,Yes
52,2,0.27,Yes
62,0,0.08,No
34,0,0.30,No
53,0,0.19,No
54,1,0.26,Yes
41,0,0.50,No
43,2,0.42,No
67,0,0.49,Yes
37,1,0.31,No
40,2,0.68,No
30,0,0.00,No
42,3,0.51,No
50,2,0.31,No
48,2,0.52,No
51,0,0.05,No
38,0,0.07,Yes
49,2,0.43,No
51,2,0.34,No
52,1,0.35,No
29,0,0.59,No
44,1,0.83,No
30,1,0.32,No
81,0,0.46,No
53,1,0.46,No
76,1,0.46,No
55,1,0.09,No
74,0,0.17,No
54,2,0.27,No
69,0,0.00,No
55,0,0.51,Yes
59,0,0.16,No
52,0,0.11,No
33,0,0.24,No
51,1,0.34,No
52,2,0.43,Yes
63,0,0.32,No
42,2,0.38,No
39,0,0.12,No
51,0,0.22,Yes
39,2,0.20,No
48,1,0.21,No
37,1,0.15,No
49,0,0.15,Yes
71,0,0.14,No
52,0,0.23,No
63,0,0.00,No
31,2,0.56,No
44,2,0.20,No
56,0,0.28,No
27,0,0.34,No
53,0,0.00,No
46,2,0.51,No
64,0,0.01,No
36,2,0.42,No
35,0,0.81,No
39,2,0.74,No
32,0,0.06,Yes
43,1,0.16,No
39,2,0.19,No
62,0,0.80,Yes
68,0,0.00,No
64,0,0.42,No
62,1,0.13,No
64,0,0.51,No
42,2,0.43,No
49,1,0.43,No
83,0,0.01,No
63,0,0.00,No
46,1,0.33,No
31,0,0.25,No
48,2,0.05,No
47,0,0.14,No
63,0,0.39,No
28,0,0.22,No
54,0,0.46,No
59,0,0.21,No
63,1,0.25,Yes
33,1,0.70,No
59,1,0.41,No
59,1,0.59,No
89,0,0.36,No
69,0,0.35,No
41,1,0.69,No
44,0,0.24,No
54,2,0.39,No
48,6,0.25,Yes
54,0,0.31,No
73,1,0.00,No
46,2,0.40,Yes
47,3,0.21,No
32,1,0.46,No
52,1,0.33,No
25,0,0.44,No
37,3,0.12,Yes
39,0,0.23,No
56,0,0.51,No
51,0,0.27,Yes
24,0,0.68,No
50,2,0.07,No
39,3,0.34,No
67,1,0.26,No
63,0,0.00,No
55,1,0.33,No
66,0,0.21,No
67,2,0.12,No
62,0,0.33,No
42,2,0.66,No
32,0,0.01,Yes
43,0,0.43,No
58,2,0.41,Yes
31,0,0.21,No
39,2,0.81,No
58,2,0.07,No
55,0,0.05,Yes
41,0,0.30,No
37,0,0.59,No
32,0,0.46,No
43,2,0.30,No
52,0,0.33,No
36,0,0.27,No
38,3,0.09,No
37,0,0.51,No
40,1,0.15,No
69,0,0.17,No
45,2,0.80,Yes
45,1,0.09,No
53,0,0.03,Yes
69,0,0.77,No
30,0,0.12,Yes
47,0,0.50,No
47,2,0.51,Yes
48,0,0.26,Yes
62,0,0.22,No
38,2,0.48,No
51,0,0.10,No
26,0,0.00,Yes
72,0,0.04,No
36,2,0.16,No
36,0,0.38,No
71,0,0.25,Yes
79,0,0.01,No
46,1,0.28,No
54,0,0.69,Yes
29,0,0.10,No
63,0,0.67,No
43,2,0.55,Yes
52,3,0.16,No
61,1,0.39,No
58,0,0.60,No
61,0,0.00,No
47,3,0.48,No
56,0,0.53,No
33,0,0.51,Yes
64,2,0.04,No
65,0,0.37,No
37,2,0.05,No
44,0,0.00,No
71,0,0.01,No
26,1,0.22,No
59,1,0.37,No
36,0,0.01,No
66,0,0.29,Yes
46,3,0.48,No
35,1,0.27,Yes
39,3,0.14,No
45,4,0.37,No
24,0,0.13,No
32,0,0.39,No
55,0,0.19,No
59,0,0.01,No
30,0,0.40,No
30,0,0.26,Yes
44,1,0.29,No
60,0,0.64,No
51,2,0.81,Yes
78,0,0.62,Yes
48,2,0.12,No
39,3,0.22,No
39,0,0.50,No
70,0,0.48,No
45,1,0.11,No
63,0,0.44,Yes
38,1,0.28,No
42,0,0.04,No
70,0,0.06,No
50,1,0.70,Yes
56,0,0.02,No
33,0,0.06,Yes
88,0,0.00,No
81,0,0.31,No
60,0,0.55,No
53,0,0.21,No
73,0,0.29,No
46,2,0.65,No
35,2,0.04,No
59,1,0.42,No
76,0,0.30,No
54,1,0.56,No
62,0,0.32,No
26,0,0.01,No
64,3,0.39,No
39,3,0.64,No
51,3,0.53,No
34,0,0.52,No
55,0,0.71,No
24,0,0.24,No
30,0,0.59,No
67,0,0.19,Yes
43,0,0.05,Yes
60,0,0.50,Yes
52,2,0.48,No
75,1,0.00,No
59,0,0.16,Yes
56,4,0.01,No
72,0,0.34,No
26,0,0.00,No
59,0,0.53,No
59,0,0.03,No
36,1,0.79,No
55,1,0.37,No
43,3,0.41,Yes
39,3,0.31,No
62,0,0.03,No
32,0,0.43,No
39,4,0.34,Yes
32,4,0.71,No
49,1,0.27,No
41,0,0.31,No
62,0,0.62,Yes
49,1,0.04,No
56,0,0.23,No
71,0,0.36,No
65,1,0.15,No
53,1,0.13,No
83,0,0.03,No
70,0,0.61,No
31,0,0.09,Yes
58,0,0.44,Yes
36,0,0.08,No
41,1,0.64,Yes
64,0,0.17,No
42,2,0.22,No
44,1,0.11,No
67,1,0.87,Yes
46,1,0.29,No
43,0,0.42,No
56,2,0.38,Yes
69,0,0.02,No
72,0,0.01,No
85,0,0.03,No
57,0,0.36,No
49,1,0.42,No
37,1,0.20,No
68,0,0.23,Yes
40,0,0.30,No
41,2,0.50,Yes
32,0,0.40,No
52,4,0.18,No
23,0,0.00,No
51,0,0.11,Yes
32,1,0.48,Yes
60,1,0.36,No
35,0,0.10,Yes
49,1,0.47,No
48,0,0.47,Yes
77,0,0.41,No
52,0,0.02,No
43,1,0.37,Yes
31,0,0.01,No
36,2,0.26,No
61,0,0.49,Yes
58,0,0.26,No
50,2,0.06,Yes
45,3,0.55,No
47,1,0.08,No
31,0,0.26,No
31,0,0.35,Yes
61,0,0.00,No
30,0,0.18,Yes
42,2,0.69,No
45,2,0.48,Yes
27,0,0.91,No
37,3,0.88,No
59,0,0.03,No
75,1,0.13,Yes
66,1,0.44,No
26,0,0.00,No
41,2,0.03,No
39,3,0.33,No
55,1,0.48,Yes
44,0,0.01,No
48,2,0.40,No
22,0,0.32,No
44,0,0.37,No
71,0,0.18,No
28,0,0.68,No
51,0,0.36,No
63,0,0.10,No
73,0,0.04,No
41,3,0.38,No
64,1,0.69,No
34,0,0.35,No
57,0,0.60,No
69,1,0.02,No
35,2,0.49,No
29,0,0.02,Yes
47,3,0.26,No
42,1,0.00,No
82,0,0.00,No
53,0,0.65,Yes
53,0,0.65,No
47,3,0.07,No
44,2,0.68,No
47,2,0.32,No
64,0,0.05,No
78,0,0.09,No
67,1,0.26,No
32,3,0.00,No
27,2,0.15,No
75,0,0.53,No
35,0,0.43,No
51,0,0.18,Yes
42,1,0.34,No
64,0,0.58,No
60,0,0.59,No
31,0,0.04,No
64,0,0.44,No
64,0,0.01,No
36,1,0.38,No
74,0,0.02,No
39,1,0.35,No
47,0,0.60,No
45,0,0.00,No
78,0,0.01,Yes
48,0,0.96,No
47,1,0.43,Yes
33,1,0.39,No
74,0,0.27,No
70,0,0.30,No
50,3,0.28,Yes
68,1,0.37,No
70,0,0.45,No
55,1,0.49,Yes
52,3,0.32,No
54,1,0.00,No
56,1,0.29,Yes
44,1,0.66,Yes
46,0,0.37,No
42,3,0.25,No
52,1,0.39,No
53,0,0.19,No
66,0,0.26,No
51,2,0.53,No
40,1,0.49,Yes
35,0,0.39,No
38,3,0.24,No
77,0,0.03,No
63,1,0.12,Yes
44,0,0.15,No
79,0,0.66,No
58,1,0.50,No
55,1,0.57,No
62,0,0.01,No
84,0,0.00,No
29,2,0.46,No
47,3,0.31,No
41,1,0.42,No
39,0,0.06,No
52,0,0.00,No
44,0,0.42,No
64,1,0.08,No
29,0,0.05,No
35,0,0.43,No
57,0,0.54,No
42,2,0.43,No
46,0,0.01,No
44,1,0.13,No
38,0,0.34,No
31,1,0.04,No
46,0,0.29,Yes
54,0,0.65,No
59,1,0.48,No
57,1,0.32,No
41,2,0.25,No
37,1,0.29,No
43,3,0.25,Yes
59,0,0.23,No
40,0,0.21,No
44,0,0.41,No
37,0,0.25,No
54,1,0.29,No
54,1,0.14,No
37,3,0.34,No
47,5,0.64,Yes
77,1,0.04,No
55,2,0.35,No
43,2,0.44,No
67,0,0.16,No
46,1,0.03,Yes
46,0,0.64,No
47,0,0.79,No
60,0,0.19,Yes
37,1,0.30,No
47,2,0.18,No
49,0,0.72,No
49,1,0.63,No
56,0,0.66,No
56,1,0.66,Yes
59,0,0.32,No
64,0,0.24,No
77,0,0.07,No
24,0,0.73,No
51,0,0.26,No
26,4,0.06,No
50,0,0.21,Yes
34,1,0.25,No
41,0,0.28,No
75,0,0.00,No
58,0,0.15,Yes
52,0,0.44,No
81,0,0.32,No
81,0,0.01,No
65,0,0.68,No
67,0,0.43,No
43,0,0.31,No
41,2,0.21,No
75,0,0.15,No
41,2,0.03,Yes
32,2,0.64,Yes
54,1,0.11,No
38,4,0.43,No
68,0,0.01,No
78,0,0.75,No
48,1,0.33,No
66,1,0.25,No
41,1,0.92,No
72,1,0.18,No
77,0,0.47,No
68,1,0.40,No
43,0,0.40,No
69,0,0.39,No
42,1,0.88,Yes
52,1,0.80,No
53,0,0.33,Yes
61,1,0.20,No
37,1,0.17,No
53,1,0.14,No
48,2,0.30,Yes
58,1,0.09,No
75,0,0.24,No
30,0,0.86,No
78,0,0.00,No
66,0,0.24,No
24,0,0.13,No
86,0,0.00,No
53,0,0.54,Yes
34,2,0.47,No
24,1,0.00,No
58,1,0.13,No
58,1,0.00,No
61,0,0.32,No
51,2,0.33,No
72,2,0.11,No
31,1,0.32,No
41,0,0.29,No
58,1,0.00,No
32,1,0.10,No
57,3,0.71,No
45,2,0.07,No
33,0,0.30,No
68,0,0.10,No
97,0,0.00,No
54,1,0.04,No
46,2,0.26,No
44,0,0.26,No
39,3,0.51,No
54,0,0.15,Yes
57,1,0.58,No
39,3,0.15,No
53,1,0.93,No
45,2,0.47,No
41,3,0.26,No
69,0,0.40,No
48,0,0.13,No
66,1,0.62,No
27,0,0.23,Yes
61,0,0.00,No
43,3,0.62,No
37,1,0.07,No
42,0,0.11,No
39,1,0.72,No
84,0,0.45,No
58,1,0.21,No
79,1,0.23,No
79,0,0.11,No
43,0,0.30,No
40,0,0.18,No
32,2,0.48,No
71,0,0.36,No
56,2,0.26,No
46,0,0.18,No
44,0,0.40,No
66,1,0.26,No
54,2,0.24,Yes
48,4,0.20,Yes
24,0,0.64,No
44,2,0.38,No
53,1,0.55,No
50,0,0.18,No
30,0,0.18,No
64,1,0.48,Yes
69,1,0.41,No
53,3,0.53,No
59,0,0.23,Yes
45,3,0.88,No
73,1,0.50,No
48,0,0.07,No
56,1,0.45,No
48,3,0.20,No
61,0,0.75,No
63,0,0.01,No
34,0,0.28,No
32,4,0.40,No
67,0,0.00,No
62,1,0.14,No
36,0,0.28,Yes
28,0,0.06,No
47,0,0.42,No
54,0,0.54,Yes
64,0,0.01,No
57,0,0.32,No
79,1,0.00,No
33,2,0.44,No
41,4,0.38,No
53,0,0.32,No
56,0,0.11,No
59,0,0.11,No
51,2,0.27,No
69,0,0.00,No
76,1,0.14,No
59,0,0.43,No
50,1,0.72,No
60,0,0.65,Yes
67,0,0.25,No
53,2,0.38,No
81,0,0.01,No
53,0,0.00,No
49,0,0.17,No
52,2,0.18,No
61,2,0.28,No
68,0,0.28,No
79,0,0.12,No
38,1,0.41,No
23,0,0.01,No
33,0,0.00,No
42,2,0.44,No
37,2,0.37,No
29,0,0.52,No
33,0,0.35,No
41,0,0.30,No
54,3,0.87,No
74,0,0.20,No
44,1,0.15,No
52,1,0.39,No
77,0,0.19,No
52,1,0.23,No
48,1,0.25,No
47,3,0.38,Yes
49,1,0.26,No
54,0,0.17,No
59,1,0.15,Yes
61,0,0.22,No
59,1,0.38,No
64,0,0.00,No
69,0,0.01,No
25,0,0.12,No
44,2,0.12,No
57,0,0.40,No
70,0,0.00,No
63,0,0.28,No
37,2,0.00,No
80,0,0.00,No
61,2,0.23,No
32,0,0.44,No
53,2,0.71,No
57,0,0.11,No
28,0,0.11,No
55,0,0.83,Yes
45,2,0.44,Yes
49,2,0.09,No
47,0,0.22,No
73,0,0.43,No
34,2,0.13,No
29,0,0.15,No
61,0,0.20,No
62,0,0.43,No
73,0,0.13,No
54,0,0.20,Yes
37,1,0.49,No
74,0,0.77,Yes
50,4,0.13,No
77,0,0.40,No
37,0,0.57,Yes
57,0,0.40,No
56,0,0.54,No
56,1,0.56,No
39,0,0.03,No
41,1,0.85,No
31,1,0.26,No
40,0,0.01,No
47,2,0.01,No
50,1,0.16,No
46,0,0.41,Yes
35,2,0.13,Yes
46,3,0.25,No
43,0,0.35,Yes
57,1,0.66,Yes
69,0,0.87,No
41,2,0.06,Yes
33,0,0.11,No
39,1,0.27,No
42,0,0.00,No
60,0,0.02,No
42,2,0.00,No
42,2,0.29,No
49,0,0.00,No
55,0,0.00,No
76,0,0.04,No
51,3,0.17,No
62,0,0.26,No
68,0,0.31,No
87,0,0.00,No
34,0,0.10,No
47,2,0.29,No
80,1,0.44,No
40,4,0.26,No
57,4,0.33,Yes
67,0,0.03,No
37,1,0.24,No
57,1,0.34,Yes
41,0,0.01,No
62,0,0.04,No
52,0,0.00,No
76,0,0.47,No
30,2,0.44,Yes
48,2,0.19,No
55,0,0.94,No
44,1,0.40,No
44,1,0.59,Yes
67,0,0.33,No
57,0,0.16,No
65,0,0.00,No
60,0,0.10,No
47,0,0.17,No
63,2,0.61,No
35,0,0.49,No
54,2,0.21,Yes
39,0,0.82,No
85,0,0.00,No
53,1,0.47,No
42,2,0.26,No
75,0,0.39,No
47,0,0.46,No
54,1,0.15,Yes
51,2,0.53,No
57,0,0.46,No
78,0,0.69,No
60,0,0.36,No
39,0,0.18,Yes
53,1,0.25,No
24,0,0.01,No
27,0,0.14,No
61,0,0.61,No
31,0,0.00,No
62,0,0.20,No
63,1,0.44,Yes
36,4,0.04,No
64,0,0.03,No
46,2,0.33,Yes
31,1,0.05,No
57,0,0.00,Yes
67,0,0.57,No
37,0,0.20,No
48,2,0.31,No
42,0,0.65,No
59,1,0.12,No
25,0,0.15,Yes
39,0,0.34,No
29,0,0.26,No
28,0,0.22,No
76,0,0.64,No
40,6,0.69,No
58,0,0.40,No
31,0,0.18,No
54,0,0.00,No
38,2,0.96,No
45,0,0.20,No
75,0,0.10,No
55,0,0.14,Yes
69,0,0.54,No
73,0,0.14,Yes
69,1,0.20,No
70,0,0.36,No
59,0,0.34,No
47,0,0.59,Yes
60,1,0.29,No
54,0,0.10,No
67,0,0.18,No
57,0,0.27,No
43,1,0.42,No
58,1,0.18,Yes
53,0,0.47,No
39,3,0.33,Yes
63,0,0.00,No
69,0,0.20,No
41,1,0.30,No
50,1,0.73,Yes
69,0,0.18,No
55,0,0.00,No
39,0,0.49,Yes
63,0,0.43,No
71,0,0.27,No
75,0,0.01,No
66,0,0.18,No
40,0,0.61,No
54,3,0.30,No
38,0,0.59,No
63,0,0.23,No
55,0,0.45,No
46,3,0.10,No
69,1,0.93,No
49,2,0.00,No
48,2,0.34,No
50,2,0.40,Yes
62,2,0.78,No
30,0,0.51,No
79,0,0.30,No
61,0,0.24,No
52,3,0.26,No
28,2,0.55,No
33,3,0.06,No
52,2,0.30,No
33,0,0.45,No
51,0,0.25,No
53,0,0.51,Yes
63,1,0.08,No
46,0,0.10,Yes
72,0,0.09,No
71,0,0.17,No
68,2,0.48,No
33,1,0.05,No
48,0,0.41,Yes
57,0,0.79,No
65,1,0.66,Yes
53,1,0.27,No
54,1,0.42,No
38,0,0.18,Yes
57,2,0.51,Yes
24,0,0.13,No
54,0,0.40,No
45,1,0.47,No
64,0,0.02,Yes
66,0,0.33,Yes
53,0,0.27,No
49,1,0.48,Yes
45,2,0.35,No
62,2,0.51,No
54,0,0.24,No
66,0,0.17,No
56,0,0.20,Yes
58,0,0.39,No
71,1,0.01,No
57,1,0.16,No
72,0,0.06,No
66,0,0.13,No
47,0,0.16,No
58,0,0.40,No
63,1,0.14,No
60,1,0.02,No
63,0,0.52,No
46,2,0.42,No
72,0,0.54,No
36,1,0.51,No
78,0,0.22,No
48,3,0.05,No
51,4,0.16,Yes
62,0,0.84,Yes
64,0,0.51,No
40,1,0.64,No
35,0,0.34,No
55,3,0.29,No
61,0,0.40,No
50,1,0.31,No
51,0,0.55,No
51,0,0.59,No
47,0,0.00,No
48,2,0.32,No
76,0,0.77,No
42,1,0.00,No
53,2,0.11,No
72,0,0.09,No
51,1,0.19,No
47,2,0.38,Yes
43,2,0.53,No
44,1,0.42,No
60,0,0.22,No
35,2,0.48,No
45,0,0.37,No
39,0,0.78,Yes
49,2,0.68,Yes
44,2,0.25,No
48,2,0.18,No
26,0,0.02,Yes
74,0,0.64,No
75,0,0.50,No
52,1,0.64,No
61,0,0.00,No
49,2,0.00,Yes
50,2,0.15,Yes
81,0,0.23,No
70,0,0.84,Yes
77,0,0.01,No
68,0,0.62,No
67,0,0.35,No
55,0,0.29,No
41,2,0.43,No
83,0,0.12,No
61,0,0.34,No
46,2,0.74,Yes
39,2,0.45,No
66,0,0.61,No
59,1,0.74,Yes
44,0,0.51,No
70,0,0.00,No
47,1,0.58,No
62,0,0.37,No
33,1,0.35,No
83,0,0.00,No
45,2,0.59,No
61,1,0.21,Yes
42,2,0.12,No
47,1,0.23,No
51,0,0.11,Yes
37,0,0.02,Yes
77,0,0.02,Yes
93,0,0.01,No
49,2,0.79,No
53,0,0.28,No
49,2,0.44,No
86,0,0.00,No
47,3,0.75,Yes
35,2,0.02,No
33,2,0.24,No
63,0,0.59,No
27,1,0.35,No
31,0,0.03,No
38,1,0.00,No
45,3,0.09,No
65,0,0.09,No
72,0,0.02,No
30,0,0.15,No
47,2,0.00,No
46,0,0.64,Yes
38,4,0.59,Yes
34,0,0.32,No
53,3,0.60,No
29,0,0.01,No
63,0,0.19,No
43,1,0.06,No
40,0,0.16,No
50,2,0.71,No
48,3,0.37,No
37,0,0.39,No
63,2,0.99,No
41,0,0.57,No
55,1,0.13,Yes
50,0,0.66,No
44,2,0.18,No
59,2,0.72,No
51,0,0.01,No
44,2,0.00,No
79,0,0.29,No
57,2,0.12,No
34,1,0.44,No
63,1,0.36,No
37,1,0.18,No
48,1,0.55,No
39,0,0.21,No
55,1,0.24,No
26,1,0.20,Yes
51,1,0.33,No
69,0,0.37,No
40,2,0.39,No
27,0,0.08,No
36,2,0.44,No
22,0,0.00,No
54,0,0.52,No
47,2,0.08,Yes
54,2,0.14,No
63,0,0.17,No
69,0,0.00,Yes
63,0,0.08,No
67,0,0.08,No
70,0,0.00,No
59,0,0.24,No
69,0,0.63,No
56,1,0.19,No
64,1,0.19,No
65,0,0.87,No
52,1,0.76,No
62,0,0.21,No
47,1,0.47,Yes
56,1,0.40,No
35,0,0.25,No
38,2,0.85,Yes
33,0,0.58,Yes
35,1,0.92,No
46,0,0.64,No
33,0,0.09,No
76,0,0.05,No
60,1,0.57,No
67,2,0.19,No
42,1,0.93,No
80,0,0.00,No
47,3,0.20,No
33,0,0.16,No
30,1,0.00,No
28,0,0.19,No
56,1,0.23,No
55,0,0.25,No
36,3,0.31,No
96,1,0.00,No
75,0,0.20,No
31,3,0.41,No
51,3,0.42,No
31,0,0.31,No
71,0,0.27,No
33,2,0.18,Yes
58,0,0.23,No
52,1,0.31,No
38,0,0.79,No
66,2,0.08,Yes
76,0,0.15,No
50,0,0.14,No
37,0,0.00,No
51,0,0.15,No
70,0,0.42,No
60,0,0.08,No
56,0,0.31,Yes
80,0,0.01,No
68,0,0.09,No
66,0,0.56,No
22,0,0.35,No
63,0,0.45,No
38,0,0.36,No
80,1,0.01,No
62,1,0.52,No
64,0,0.35,No
70,0,0.60,No
75,1,0.34,Yes
71,0,0.32,No
54,0,0.02,No
32,1,0.00,No
56,0,0.01,No
67,1,0.03,No
45,5,0.29,No
63,0,0.39,No
61,2,0.27,No
58,0,0.06,Yes
50,3,0.18,No
60,3,0.26,No
49,2,0.10,No
62,0,0.66,No
50,0,0.38,No
46,0,0.16,No
71,1,0.49,Yes
55,0,1.00,Yes
64,0,0.20,Yes
68,0,0.32,No
45,1,0.38,Yes
52,0,0.89,Yes
74,0,0.01,No
32,2,0.43,No
51,3,0.02,No
51,2,0.84,No
68,0,0.02,No
45,1,0.14,Yes
49,0,0.46,Yes
47,1,0.41,No
55,0,0.19,No
59,1,0.25,No
61,0,0.25,No
30,0,0.74,No
51,2,0.45,No
33,0,0.60,No
29,0,0.06,No
58,1,0.55,No
44,2,0.08,No
28,3,0.15,No
30,0,0.32,No
42,4,0.30,Yes
60,0,0.53,No
51,0,0.10,No
52,1,0.27,No
69,2,0.51,No
41,3,0.16,No
69,0,0.00,No
72,1,0.26,No
55,3,0.25,No
41,1,0.49,No
63,0,0.01,No
27,0,0.02,No
44,2,0.50,Yes
31,0,0.04,No
41,0,0.00,No
52,2,0.20,Yes
45,0,0.01,No
65,1,0.94,Yes
28,0,0.27,No
55,2,0.17,No
57,2,0.67,Yes
61,1,0.23,Yes
45,0,0.00,No
27,0,0.13,No
58,0,0.30,No
59,0,0.22,No
51,0,0.23,No
60,0,0.14,No
26,0,0.01,No
33,0,0.54,No
55,3,0.47,No
55,0,0.04,Yes
59,0,0.61,Yes
40,2,0.48,No
43,2,0.55,No
58,0,0.51,No
38,4,0.22,No
66,0,0.96,No
51,2,0.08,No
55,1,0.48,No
56,0,0.34,No
29,0,0.08,No
57,2,0.36,No
37,0,0.24,No
66,0,0.20,Yes
61,0,0.14,No
58,0,0.15,No
37,0,0.26,No
64,0,0.86,No
88,0,0.09,Yes
49,1,0.24,No
54,1,0.34,Yes
62,0,0.23,No
48,0,0.36,No
52,2,0.35,Yes
44,0,0.55,No
79,1,0.00,No
37,0,0.27,No
55,0,0.23,No
73,0,0.27,No
61,0,0.20,Yes
37,0,0.39,Yes
30,0,0.18,No
68,0,0.01,No
68,0,0.53,No
34,2,0.25,No
41,0,0.00,No
39,2,0.32,No
44,1,0.02,Yes
48,3,0.86,Yes
30,2,0.01,No
49,0,0.57,Yes
48,0,0.39,No
25,0,0.01,No
61,0,0.67,No
56,0,0.26,Yes
39,1,0.39,No
35,0,0.54,Yes
88,0,0.00,No
74,0,0.17,No
50,2,0.23,No
34,0,0.53,No
37,0,0.05,No
70,0,0.01,Yes
34,0,0.06,No
50,1,0.24,No
69,1,0.52,Yes
53,1,0.49,No
22,0,0.01,No
70,0,0.19,No
52,2,0.15,No
74,0,0.02,Yes
53,0,0.27,No
43,0,0.42,No
49,1,0.33,No
47,2,0.65,No
44,1,0.23,No
51,2,0.07,No
55,1,0.51,No
49,0,0.41,Yes
64,1,0.39,Yes
32,1,0.02,No
42,0,0.01,No
73,0,0.36,No
52,2,0.28,Yes
65,1,0.65,No
46,2,0.32,Yes
51,2,0.60,No
39,2,0.14,No
66,0,0.33,Yes
55,0,0.48,No
40,0,0.17,No
53,0,0.54,Yes
62,0,0.49,No
73,0,0.40,No
59,1,0.14,No
71,0,0.30,No
43,3,0.60,No
48,1,0.47,Yes
27,0,0.48,Yes
56,0,0.64,No
59,0,0.20,No
32,0,0.19,No
48,1,0.06,No
64,0,0.35,No
46,2,0.47,No
50,2,0.63,No
77,0,0.01,No
64,0,0.18,No
68,0,0.22,No
31,0,0.20,No
48,3,0.09,No
54,2,0.19,No
47,1,0.70,No
59,2,0.36,No
69,0,0.22,No
42,0,0.36,No
58,3,0.59,No
62,2,0.49,No
31,0,0.10,No
48,2,0.36,No
59,1,0.28,No
43,1,0.53,No
38,0,0.75,No
76,0,0.00,No
72,0,0.07,No
52,1,0.16,No
29,2,0.09,No
67,0,0.50,No
48,2,0.17,No
46,3,0.42,No
33,1,0.35,No
45,0,0.76,No
47,2,0.19,No
73,0,0.16,No
41,1,0.43,Yes
77,0,0.00,No
40,5,0.24,Yes
46,1,0.46,Yes
34,1,0.58,No
36,2,0.37,Yes
39,1,0.17,Yes
73,0,0.18,No
55,0,0.44,No
64,0,0.33,No
49,1,0.12,Yes
66,0,0.02,No
47,0,0.54,No
39,0,0.29,No
44,0,0.60,No
38,2,0.48,Yes
42,4,0.48,No
85,0,0.00,No
41,0,0.63,No
33,2,0.36,Yes
38,2,0.17,No
63,1,0.19,No
44,0,0.44,No
57,2,0.22,No
40,2,0.05,No
61,2,0.10,No
41,0,0.56,No
75,0,0.86,Yes
69,0,0.01,No
26,0,0.01,No
41,2,0.41,No
35,2,0.43,Yes
65,0,0.59,No
54,3,0.07,No
54,0,0.14,No
44,0,0.00,No
47,0,0.57,No
43,0,0.12,No
49,1,0.41,Yes
67,0,0.09,No
69,1,0.27,No
43,3,0.00,No
40,0,0.25,No
60,0,0.31,No
49,0,0.32,No
37,1,0.29,No
77,2,0.54,No
52,0,0.43,No
58,0,0.17,No
28,0,0.27,No
45,2,0.10,Yes
36,0,0.11,No
60,0,0.10,No
29,0,0.32,No
61,0,0.44,No
42,0,0.58,No
36,2,0.24,No
57,0,0.15,No
55,0,0.82,Yes
45,1,0.41,No
24,0,0.03,No
66,0,0.01,No
53,2,0.10,No
70,0,0.22,No
29,0,0.16,No
39,0,0.00,No
60,0,0.58,No
64,0,0.45,No
86,0,0.01,No
63,1,0.07,No
46,2,0.21,No
56,0,0.77,No
36,2,0.06,No
65,0,0.47,No
62,1,0.74,No
49,0,0.44,No
63,0,0.08,No
26,0,0.20,No
30,0,0.01,No
44,0,0.50,No
78,0,0.93,No
41,4,0.12,No
24,1,0.07,No
40,3,0.09,No
46,1,0.35,No
61,1,0.36,Yes
23,1,0.00,No
63,0,0.02,No
92,0,0.03,Yes
62,0,0.28,No
33,1,0.45,No
34,0,0.02,No
73,0,0.18,No
58,0,0.35,No
47,2,0.59,No
64,1,0.38,No
39,3,0.04,No
61,1,0.37,No
49,0,0.02,No
44,2,0.49,No
53,0,0.44,No
36,2,0.35,No
33,0,0.34,No
31,0,0.65,Yes
49,2,0.20,No
61,0,0.41,No
62,2,0.42,No
64,0,0.00,No
61,1,0.50,No
39,2,0.25,No
65,0,0.33,No
36,0,0.65,Yes
54,2,0.31,No
44,2,0.73,No
49,2,0.60,No
51,1,0.51,No
73,0,0.02,No
55,0,0.48,No
68,0,0.19,No
61,1,0.68,No
43,2,0.15,No
36,0,0.31,No
38,0,0.23,No
47,0,0.41,No
34,1,0.64,No
37,2,0.53,Yes
50,3,0.21,No
59,0,0.41,No
42,0,0.00,No
74,0,0.08,No
54,2,0.47,No
69,1,0.00,No
78,0,0.18,No
49,3,0.18,Yes
48,0,0.40,No
50,0,0.33,No
40,3,0.01,No
49,0,0.29,No
61,1,0.44,Yes
73,1,0.40,No
58,0,0.01,Yes
53,2,0.47,No
43,4,0.17,No
38,1,0.27,No
65,1,0.27,No
72,0,0.59,No
70,0,0.21,No
50,0,0.22,No
38,1,0.26,No
57,0,0.28,Yes
82,0,0.01,No
54,0,0.39,No
27,0,0.02,No
44,2,0.65,No
32,1,0.13,No
45,0,0.44,No
44,3,0.01,No
60,0,0.78,No
29,1,0.55,Yes
59,0,0.32,No
46,2,0.33,No
41,1,0.32,Yes
55,0,0.50,No
69,0,0.65,No
66,1,0.11,No
51,3,0.30,No
38,0,0.31,No
47,3,0.38,Yes
30,1,0.00,No
60,0,0.43,No
47,2,0.31,No
73,0,0.83,Yes
56,7,0.38,No
58,0,0.41,No
55,0,0.02,No
58,0,0.35,No
51,0,0.36,No
64,2,0.41,Yes
50,0,0.40,No
48,4,0.11,Yes
58,1,0.41,No
75,0,0.31,No
59,2,0.22,No
56,0,0.27,No
26,0,0.07,No
32,0,0.08,No
69,0,0.45,No
53,0,0.48,Yes
47,2,0.20,Yes
35,1,0.39,Yes
41,0,0.01,No
50,0,0.60,Yes
30,0,0.20,No
39,0,0.39,No
52,1,0.18,Yes
51,3,0.29,Yes
76,0,0.19,No
49,4,0.81,No
51,3,0.22,No
85,0,0.02,Yes
57,0,0.00,No
63,0,0.12,No
38,1,0.66,No
54,0,0.37,No
46,0,0.40,No
41,8,0.18,No
60,0,0.15,No
49,0,0.80,No
46,0,0.87,No
44,0,0.39,No
40,1,0.18,No
81,0,0.00,No
62,2,0.18,No
60,0,0.71,No
50,0,0.16,No
24,0,0.07,No
60,0,0.59,No
65,0,0.20,Yes
52,0,0.32,No
66,0,0.17,No
42,2,0.11,Yes
43,0,0.30,Yes
47,2,0.33,No
35,0,0.10,No
52,2,0.16,No
35,0,0.92,No
44,0,0.07,No
60,0,0.38,No
34,1,0.08,No
34,0,0.56,No
31,0,0.01,No
68,1,0.49,No
56,0,0.11,No
39,4,0.29,No
34,0,0.53,No
72,0,0.23,No
45,3,0.22,No
58,3,0.03,No
35,4,0.20,No
59,1,0.34,No
40,2,0.13,Yes
45,3,0.25,No
70,1,0.27,No
42,1,0.11,No
37,1,0.04,No
64,1,0.02,No
63,1,0.56,No
34,0,0.00,Yes
60,2,0.42,No
56,1,0.22,Yes
60,2,0.57,No
41,3,0.29,No
32,0,0.45,No
44,2,0.91,No
54,0,0.53,No
37,2,0.68,No
57,0,0.79,No
75,0,0.01,No
41,0,0.21,No
61,0,0.02,Yes
74,0,0.07,No
54,0,0.66,No
58,2,0.23,Yes
59,0,0.55,No
49,0,0.01,No
41,0,0.34,No
59,0,0.34,No
68,0,0.64,No
29,0,0.90,No
61,0,0.14,No
78,1,0.90,No
38,0,0.75,Yes
48,0,0.95,No
41,0,0.00,No
64,2,0.45,Yes
85,0,0.01,No
41,3,0.02,Yes
60,0,0.12,No
70,0,0.26,No
70,0,0.25,No
88,0,0.81,No
80,1,0.01,No
50,2,0.36,No
67,1,0.24,No
66,0,0.28,No
59,0,0.36,No
66,0,0.38,Yes
40,0,0.11,No
47,0,0.43,Yes
31,0,0.06,Yes
44,0,0.32,No
58,0,0.29,Yes
40,2,0.30,No
28,0,0.12,No
66,1,0.43,No
63,0,0.28,No
59,2,0.02,No
48,1,0.17,No
58,0,0.33,Yes
68,0,0.18,No
51,1,0.22,No
56,2,0.04,No
80,0,0.22,No
60,1,0.23,No
63,0,0.72,Yes
64,0,0.74,No
30,0,0.31,No
80,0,0.43,No
44,0,0.30,No
40,1,0.35,No
71,1,0.33,No
37,0,0.60,No
59,2,0.27,Yes
33,0,0.14,No
46,2,0.11,No
34,4,0.22,No
57,1,0.36,No
55,1,0.16,No
73,1,0.30,No
67,0,0.28,No
63,0,0.31,No
25,0,0.00,No
36,0,0.05,No
42,3,0.38,No
53,0,0.49,No
34,0,0.23,No
53,3,0.30,No
44,2,0.17,No
46,3,0.59,No
48,0,0.11,No
71,0,0.31,Yes
50,2,0.75,No
58,0,0.07,No
48,2,0.86,Yes
36,0,0.56,No
62,0,0.01,No
48,0,0.38,No
37,2,0.45,No
66,0,0.09,No
66,0,0.28,No
59,1,0.31,No
36,2,0.27,No
63,1,0.29,No
59,0,0.23,No
69,1,0.28,No
42,1,0.20,Yes
26,0,0.09,No
59,1,0.53,No
55,0,0.52,No
56,0,0.14,No
64,0,0.59,No
43,0,0.16,No
69,0,0.16,No
49,0,0.32,No
63,0,0.01,No
37,1,0.03,No
25,0,0.19,No
39,2,0.16,No
36,1,0.64,No
56,2,0.23,Yes
31,0,0.06,No
50,0,0.47,Yes
39,2,0.63,Yes
36,3,0.12,No
54,0,0.17,Yes
62,0,0.23,No
23,0,0.02,No
50,0,0.48,Yes
32,0,0.57,No
53,1,0.37,No
65,0,0.00,No
32,4,0.15,Yes
70,0,0.63,No
40,0,0.42,Yes
49,4,0.14,Yes
60,0,0.33,No
37,2,0.39,No
65,0,0.04,No
59,2,0.50,No
56,0,0.39,Yes
43,0,0.00,No
64,1,0.08,No
46,3,0.09,No
76,0,0.12,No
79,0,0.01,No
39,2,0.16,Yes
41,2,0.33,No
44,0,0.18,No
23,0,0.00,No
40,3,0.03,No
53,0,0.48,No
81,0,0.00,No
34,0,0.21,No
50,0,0.15,No
54,0,0.26,Yes
40,1,0.49,No
45,2,0.31,No
28,1,0.17,No
55,0,0.96,No
28,1,0.37,No
62,0,0.25,No
49,1,0.49,No
38,1,0.62,Yes
44,0,0.25,No
89,0,0.01,No
24,0,0.36,No
60,0,0.61,Yes
50,0,0.53,No
68,0,0.21,No
29,0,0.00,No
60,0,0.41,No
49,1,0.06,No
33,0,0.18,No
56,0,0.71,No
57,0,0.56,No
45,0,0.38,No
42,2,0.39,No
52,0,0.35,No
40,20,0.58,Yes
58,0,0.33,No
63,1,0.17,Yes
42,2,0.37,Yes
75,0,0.49,No
63,0,0.59,No
63,1,0.38,No
40,0,0.16,No
54,1,0.09,No
67,0,0.13,No
41,0,0.22,No
67,0,0.00,No
53,0,0.28,No
61,0,0.27,No
42,2,0.01,No
66,2,0.31,No
57,0,0.09,No
51,0,0.09,No
29,1,0.17,Yes
49,0,0.08,No
43,0,0.61,Yes
31,0,0.09,No
55,2,0.24,No
57,1,0.37,No
47,3,0.49,Yes
47,0,0.19,No
53,0,0.65,No
59,2,0.40,No
32,0,0.10,No
72,1,0.17,No
31,0,0.47,No
28,0,0.14,No
34,2,0.00,No
33,0,0.13,No
66,1,0.16,No
34,0,0.36,No
53,1,0.54,Yes
58,0,0.44,No
45,0,0.63,No
65,1,0.30,No
64,0,0.18,No
73,0,0.23,No
63,0,0.51,No
62,0,0.24,No
48,2,0.39,No
23,0,0.00,No
32,0,0.46,Yes
51,0,0.31,No
42,3,0.50,No
41,3,0.41,No
58,7,0.24,No
55,0,0.20,No
57,1,0.41,No
25,0,0.01,No
56,0,0.00,No
25,0,0.04,Yes
27,0,0.11,Yes
54,2,0.28,Yes
77,0,0.15,No
34,0,0.57,No
72,0,0.01,No
61,0,0.50,No
37,1,0.14,No
30,3,0.11,No
38,2,0.65,No
48,2,0.09,Yes
48,0,0.63,No
77,0,0.53,No
66,0,0.06,No
42,0,0.27,No
48,2,0.35,No
88,0,0.30,No
34,2,0.44,No
33,0,0.11,No
63,0,0.19,Yes
48,2,0.08,No
42,0,0.07,No
60,0,0.29,Yes
37,0,0.39,No
72,0,0.36,No
46,0,0.43,Yes
48,0,0.48,No
40,2,0.58,No
55,0,0.27,Yes
61,0,0.30,No
54,0,0.19,No
29,0,0.50,No
43,1,0.49,Yes
43,2,0.03,No
56,0,0.61,No
35,0,0.31,Yes
48,0,0.19,Yes
82,0,0.27,No
67,1,0.94,Yes
27,0,0.22,No
38,2,0.50,No
73,0,0.14,No
52,0,0.37,No
58,1,0.45,Yes
70,2,0.18,No
67,0,0.05,No
46,2,0.60,Yes
48,0,0.38,No
58,1,0.86,No
85,0,0.14,No
53,0,0.09,Yes
63,0,0.01,No
38,1,0.61,No
47,3,0.13,No
71,1,0.53,No
70,0,0.57,Yes
39,1,0.58,No
33,1,0.28,No
44,3,0.10,No
59,0,0.15,No
43,4,0.57,No
60,1,0.20,No
88,0,0.00,No
44,1,0.30,No
54,0,0.62,Yes
33,1,0.16,No
52,0,0.34,Yes
32,2,0.00,No
74,0,0.01,No
57,1,0.26,No
41,1,0.30,No
48,0,0.46,No
29,0,0.00,No
46,3,0.03,No
44,0,0.15,Yes
76,0,0.30,No
46,2,0.08,No
56,0,0.87,No
59,0,0.37,No
69,0,0.27,No
51,1,0.35,No
61,0,0.15,No
41,2,0.20,No
53,2,0.64,No
52,0,0.00,No
54,0,0.92,Yes
52,2,0.23,No
57,1,0.61,No
40,2,0.58,No
49,0,0.04,No
50,0,0.34,Yes
35,0,0.00,Yes
39,0,0.42,No
66,0,0.94,No
54,1,0.40,No
68,0,0.72,No
71,0,0.23,No
67,0,0.43,No
72,0,0.15,No
44,1,0.80,No
54,0,0.16,No
82,1,0.09,No
52,1,0.59,No
47,0,0.60,Yes
58,4,0.20,No
47,0,0.15,No
62,2,0.19,No
65,4,0.41,No
31,0,0.40,No
33,1,0.34,Yes
49,1,0.47,No
48,2,0.28,No
60,0,0.12,No
82,0,0.00,No
61,0,0.28,No
63,0,0.17,No
43,2,0.14,Yes
33,0,0.62,No
26,0,0.16,No
39,3,0.04,No
42,0,0.08,No
33,1,0.44,No
69,0,0.02,No
50,1,0.29,No
73,0,0.19,No
72,0,0.36,No
48,2,0.39,Yes
44,1,0.00,No
30,0,0.43,No
65,2,0.32,No
63,0,0.18,Yes
50,3,0.40,Yes
36,1,0.13,No
71,0,0.43,No
63,0,0.07,No
44,3,0.38,No
57,0,0.42,No
39,0,0.35,No
54,5,0.39,No
69,0,0.07,No
57,0,0.27,No
35,1,0.35,No
28,0,0.29,No
32,2,0.75,No
52,2,0.20,No
44,2,0.41,No
30,0,0.05,No
63,0,0.25,No
44,0,0.12,No
41,0,0.19,No
52,1,0.59,No
32,1,0.62,Yes
41,2,0.25,No
39,0,0.29,No
46,2,0.47,Yes
51,0,0.06,Yes
53,1,0.51,No
55,1,0.11,No
58,0,0.47,No
33,0,0.25,No
42,2,0.05,No
54,2,0.34,No
63,1,0.25,No
80,0,0.72,No
42,0,0.39,No
27,1,0.45,No
53,2,0.41,Yes
67,0,0.65,No
46,1,0.34,No
31,3,0.26,Yes
60,0,0.34,Yes
49,1,0.17,No
56,0,0.25,No
81,0,0.15,No
87,0,0.01,No
31,0,0.79,No
61,0,0.17,No
56,0,0.18,Yes
38,2,0.36,No
36,2,0.29,No
31,0,0.43,No
62,1,0.18,No
53,0,0.45,No
49,0,0.23,No
86,0,0.01,No
45,1,0.48,Yes
58,0,0.02,No
48,1,0.29,No
61,1,0.68,No
29,0,0.44,No
72,1,0.00,No
39,3,0.61,No
51,0,0.27,No
63,1,0.34,Yes
51,1,0.04,No
34,0,0.07,No
49,1,0.32,No
65,0,0.33,No
31,0,0.00,No
49,1,0.02,No
42,0,0.59,No
83,0,0.54,Yes
73,0,0.69,No
73,0,0.02,No
45,1,0.80,No
53,2,0.79,No
57,0,0.04,No
43,0,0.01,No
51,0,0.35,No
35,0,0.55,No
32,0,0.10,Yes
35,0,0.42,No
72,0,0.44,No
69,0,0.55,No
76,0,0.36,No
77,2,0.33,No
81,0,0.15,No
50,0,0.11,No
25,0,0.13,No
72,0,0.14,No
52,1,0.19,Yes
50,1,0.05,No
54,0,0.86,No
63,0,0.97,No
38,2,0.49,No
55,1,0.15,No
32,0,0.01,No
46,0,0.67,Yes
53,0,0.37,No
60,5,0.64,No
43,2,0.65,No
79,1,0.23,Yes
57,0,0.49,No
24,0,0.00,No
42,0,0.23,No
67,1,0.11,No
80,0,0.39,No
59,0,0.51,No
61,0,0.12,No
88,0,0.19,No
50,0,0.00,No
25,0,0.16,No
60,0,0.53,No
47,0,0.20,No
46,2,0.19,No
68,0,0.64,No
44,0,0.52,No
75,0,0.37,No
43,1,0.15,No
55,1,0.85,No
68,0,0.93,No
37,0,0.32,No
60,0,0.23,No
45,0,0.13,No
60,0,0.31,Yes
46,1,0.81,No
36,2,0.37,No
48,2,0.55,No
36,2,0.31,Yes
37,3,0.86,Yes
53,2,0.07,Yes
31,0,0.12,No
62,2,0.26,No
52,1,0.53,No
53,1,0.51,Yes
70,0,0.34,No
57,0,0.21,No
74,0,0.07,No
47,2,0.24,No
82,0,0.09,No
36,0,0.02,Yes
41,0,0.39,No
51,0,0.24,No
60,0,0.19,No
35,1,0.42,No
59,0,0.14,No
61,1,0.01,No
75,0,0.01,No
58,1,0.95,No
37,0,0.07,Yes
31,0,0.35,Yes
79,1,0.30,Yes
72,0,0.35,No
53,0,0.02,No
64,0,0.51,No
56,3,0.08,No
51,0,0.01,No
44,1,0.48,No
80,0,0.00,No
57,2,0.16,No
63,6,0.32,No
93,0,0.00,No
42,0,0.23,No
45,0,0.13,No
90,0,0.42,No
80,0,0.02,Yes
39,1,0.26,No
71,0,0.00,No
57,1,0.13,No
40,2,0.90,Yes
41,1,0.02,No
57,0,0.56,No
42,0,0.06,No
67,0,0.23,Yes
34,0,0.18,No
38,4,0.47,Yes
74,1,0.38,No
48,0,0.09,No
39,2,0.36,Yes
41,1,0.01,No
38,2,0.48,No
43,2,0.00,No
74,0,0.33,No
87,1,0.01,No
58,0,0.11,No
73,0,0.22,Yes
55,2,0.00,No
46,1,0.11,No
63,0,0.57,No
27,1,0.19,No
60,0,0.52,No
63,0,0.17,No
42,0,0.00,No
62,0,0.59,No
30,0,0.62,No
43,3,0.21,No
39,2,0.09,No
64,0,0.00,No
44,1,0.55,Yes
80,0,0.00,No
42,4,0.23,No
64,0,0.34,No
61,0,0.15,No
71,0,0.14,No
45,0,0.24,Yes
57,0,0.30,No
23,0,0.04,No
33,2,0.31,No
52,3,0.57,No
60,2,0.41,No
57,0,0.00,No
56,2,0.10,No
59,1,0.12,No
50,4,0.28,No
50,1,0.10,No
54,1,0.21,Yes
59,2,0.02,No
24,0,0.00,No
29,0,0.74,No
53,1,0.44,No
54,0,0.45,No
53,0,0.21,Yes
73,0,0.01,No
48,1,0.61,Yes
68,1,0.22,No
28,0,0.14,No
54,4,0.38,No
55,2,0.39,No
59,0,0.53,Yes
85,0,0.03,No
63,1,0.01,Yes
59,0,0.25,No
28,0,0.01,No
38,1,0.02,No
76,0,0.12,No
50,3,0.16,No
57,2,0.37,Yes
23,0,0.30,No
42,2,0.25,No
45,0,0.02,No
39,4,0.45,No
66,0,0.72,No
45,1,0.03,No
46,1,0.05,No
27,0,0.15,No
37,4,0.29,No
79,0,0.01,No
74,0,0.12,No
68,0,0.79,No
55,0,0.11,No
54,1,0.16,No
38,2,0.48,Yes
56,0,0.29,No
51,2,0.39,No
81,0,0.00,No
49,2,0.42,Yes
56,1,0.95,No
32,0,0.01,No
75,0,0.34,No
29,0,0.55,No
38,1,0.21,No
45,3,0.01,No
63,1,0.00,No
63,0,0.68,No
66,1,0.64,No
54,1,0.15,Yes
50,1,0.37,Yes
42,1,0.29,No
28,0,0.00,No
23,0,0.04,No
49,3,0.46,No
54,0,0.15,No
53,2,0.47,No
54,0,0.22,No
54,3,0.35,No
54,0,0.47,No
87,1,0.07,No
52,1,0.36,No
49,0,0.28,Yes
72,0,0.26,No
40,3,0.23,No
68,0,0.53,No
60,0,0.52,No
40,2,0.81,No
46,1,0.98,Yes
51,2,0.40,No
38,0,0.40,No
29,2,0.05,No
33,1,0.48,No
86,0,0.36,No
47,2,0.33,No
25,0,0.00,No
29,0,0.17,No
46,1,0.37,No
39,0,0.46,No
40,0,0.12,No
71,0,0.34,No
49,1,0.93,Yes
43,0,0.20,No
28,0,0.49,Yes
33,0,0.46,No
59,0,0.15,No
61,2,0.32,No
34,0,0.35,No
75,1,0.47,No
41,1,0.53,No
29,0,0.00,No
56,0,0.15,No
51,1,0.05,No
64,2,0.29,No
39,0,0.38,Yes
53,0,0.78,No
32,0,0.18,No
35,0,0.45,No
39,0,0.27,No
93,0,0.15,No
63,0,0.33,No
83,0,0.00,No
63,0,0.11,No
31,1,0.64,No
44,5,0.51,No
49,2,0.15,No
58,2,0.40,No
43,3,0.03,No
26,0,0.13,No
40,0,0.00,No
65,0,0.26,Yes
48,0,0.22,No
32,0,0.03,No
43,1,0.79,No
51,1,0.49,No
33,0,0.15,No
58,0,0.00,No
60,0,0.24,No
78,0,0.28,No
59,0,0.01,No
35,1,0.38,No
42,2,0.00,No
46,0,0.50,No
33,1,0.91,No
36,2,0.37,No
64,0,0.23,No
45,0,0.57,No
40,3,0.42,Yes
61,0,0.40,No
39,0,0.21,Yes
72,0,0.00,No
45,3,0.24,No
75,0,0.13,No
23,0,0.00,No
46,0,0.31,No
43,1,0.49,No
42,2,0.01,No
29,0,0.32,Yes
63,1,0.25,No
24,0,0.02,No
62,0,0.45,No
60,3,0.48,No
41,3,0.33,No
51,0,0.00,No
67,1,0.30,No
54,2,0.34,No
56,0,0.80,No
24,0,0.63,No
69,0,0.66,No
50,0,0.97,Yes
46,0,0.18,Yes
71,0,0.63,Yes
52,0,0.57,No
49,1,0.62,No
81,0,0.09,Yes
62,0,0.56,No
52,0,0.81,Yes
37,1,0.83,No
28,1,0.05,No
44,2,0.43,No
42,2,0.30,No
61,1,0.55,No
89,0,0.00,No
54,0,0.27,No
39,1,0.65,No
53,0,0.05,Yes
45,0,0.33,No
48,0,0.48,Yes
44,1,0.20,Yes
34,2,0.48,No
39,1,0.54,No
49,0,0.02,Yes
72,0,0.28,No
91,0,0.00,No
23,0,0.19,No
36,0,0.09,No
63,0,0.08,No
32,3,0.08,No
45,0,0.01,No
43,1,0.70,No
64,2,0.97,Yes
59,1,0.24,No
51,2,0.30,No
38,2,0.33,No
46,1,0.02,Yes
41,2,0.49,Yes
58,1,0.68,No
32,2,0.47,No
56,0,0.39,Yes
68,1,0.11,No
29,0,0.69,No
33,2,0.34,No
49,0,0.59,No
50,1,0.11,No
58,0,0.70,No
68,1,0.06,No
35,2,0.31,Yes
40,2,0.06,Yes
37,2,0.45,No
41,2,0.49,No
36,0,0.19,No
48,2,0.64,No
43,1,0.11,No
55,0,0.29,No
61,0,0.41,No
52,3,0.56,No
43,2,0.34,No
62,0,0.00,No
50,0,0.49,No
56,0,0.19,No
72,1,0.65,Yes
64,1,0.52,No
35,0,0.59,No
45,1,0.47,No
37,3,0.26,No
64,0,0.33,No
52,0,0.70,Yes
28,0,0.30,No
42,2,0.85,No
57,3,0.27,No
26,0,0.00,Yes
41,3,0.32,No
39,2,0.46,No
37,3,0.18,No
47,0,0.16,No
71,0,0.02,No
46,1,0.33,No
59,0,0.24,No
37,1,0.38,No
59,1,0.23,No
56,0,0.08,No
63,1,0.29,Yes
59,0,0.22,No
31,0,0.28,Yes
42,3,0.11,No
47,0,0.97,No
67,0,0.38,No
58,0,0.56,No
67,1,0.38,No
62,0,0.04,No
82,0,0.09,No
66,0,0.80,No
26,0,0.10,No
25,0,0.08,No
60,0,0.12,No
49,2,0.42,No
52,0,0.06,No
74,0,0.31,No
26,0,0.14,No
75,0,0.40,No
44,2,0.24,No
40,2,0.37,Yes
53,1,0.29,No
44,6,0.20,No
58,1,0.38,Yes
45,0,0.21,No
49,0,0.74,No
51,0,0.01,No
42,0,0.52,No
43,0,0.13,No
37,0,0.33,Yes
46,2,0.48,Yes
39,0,0.61,No
28,1,0.04,No
56,0,0.51,No
59,0,0.26,No
41,1,0.45,No
29,0,0.30,No
28,0,0.15,No
62,0,0.32,Yes
37,3,0.16,No
58,1,0.19,No
40,2,0.02,No
62,0,0.82,No
50,0,0.89,No
31,0,0.37,No
39,0,0.23,No
73,0,0.28,No
52,0,0.57,No
46,0,0.01,No
57,0,0.91,No
32,0,0.13,No
60,2,0.56,Yes
46,0,0.39,No
58,0,0.63,No
24,0,0.00,No
68,0,0.12,No
57,1,0.04,No
81,0,0.43,Yes
40,0,0.48,No
37,0,0.10,No
54,0,0.45,No
32,0,0.00,No
31,0,0.51,Yes
75,0,0.00,No
45,2,0.30,No
54,0,0.23,No
32,2,0.31,No
38,0,0.37,No
51,0,0.34,Yes
41,1,0.35,No
48,0,0.40,No
57,1,0.12,No
26,0,0.26,Yes
63,0,0.95,No
37,1,0.42,No
50,0,0.32,No
55,0,0.00,No
44,3,0.02,No
47,0,0.38,No
73,0,0.15,No
51,2,0.34,No
49,1,0.31,No
52,0,0.41,No
33,0,0.45,No
55,1,0.49,No
63,1,0.37,No
55,2,0.21,No
30,0,0.09,No
69,0,0.65,No
41,0,0.30,Yes
53,0,0.14,No
63,0,0.46,No
61,0,0.14,No
64,0,0.07,No
55,0,0.01,No
71,0,0.00,No
61,0,0.01,No
45,2,0.50,Yes
63,2,0.19,No
33,0,0.32,No
48,0,0.64,Yes
55,0,0.23,No
62,1,0.14,Yes
86,0,0.00,No
81,2,0.08,No
44,0,0.14,No
71,0,0.01,No
52,0,0.89,No
67,1,0.35,No
41,2,0.21,No
49,2,0.43,Yes
51,1,0.36,No
47,3,0.60,No
78,0,0.00,No
62,0,0.55,No
70,0,0.02,No
82,0,0.02,No
48,1,0.18,No
69,0,0.07,No
55,0,0.17,No
36,2,0.14,Yes
42,3,0.26,Yes
73,0,0.37,No
58,0,0.61,No
61,0,0.19,No
53,3,0.28,No
53,2,0.75,No
45,0,0.19,No
45,3,0.24,No
45,0,0.19,No
39,2,0.20,No
48,0,0.73,No
32,2,0.29,No
49,1,0.81,Yes
33,1,0.28,No
65,0,0.29,No
72,1,0.08,No
39,2,0.38,Yes
49,2,0.10,Yes
46,0,0.30,No
51,1,0.00,No
41,3,0.46,No
58,1,0.42,Yes
61,0,0.61,No
48,1,0.40,Yes
78,0,0.13,No
38,3,0.43,No
38,1,0.09,No
44,2,0.58,No
76,0,0.25,No
84,0,0.19,No
24,0,0.00,No
39,2,0.14,No
78,0,0.69,No
35,0,0.05,Yes
70,0,0.15,No
85,0,0.00,No
40,3,0.32,No
54,1,0.20,No
26,0,0.34,No
37,0,0.02,No
74,0,0.01,No
46,1,0.32,Yes
39,2,0.24,No
26,0,0.84,Yes
63,0,0.01,No
58,2,0.34,No
23,0,0.00,No
30,1,0.25,No
55,0,0.84,No
27,0,0.17,No
64,3,0.16,No
50,1,0.16,No
61,0,0.15,No
39,0,0.78,No
66,0,0.94,No
51,0,0.28,No
69,0,0.43,No
51,0,0.30,No
43,0,0.26,No
31,0,0.33,Yes
47,0,0.59,No
63,1,0.24,No
70,1,0.40,No
65,0,0.06,No
44,1,0.22,Yes
32,0,0.61,No
62,0,0.16,No
44,1,0.26,No
28,0,0.12,Yes
30,0,0.01,No
48,3,0.19,Yes
79,0,0.02,No
24,0,0.01,No
44,2,0.11,No
54,3,0.30,Yes
83,0,0.01,No
63,2,0.07,No
36,3,0.30,Yes
52,2,0.26,No
64,0,0.19,No
34,0,0.63,No
53,2,0.01,No
76,0,0.10,No
74,0,0.71,Yes
40,0,0.45,No
24,0,0.64,No
28,0,0.44,No
61,0,0.44,No
32,0,0.86,Yes
42,2,0.16,No
27,0,0.08,No
56,1,0.30,No
46,0,0.04,No
51,2,0.25,Yes
76,0,0.19,Yes
47,0,0.19,Yes
58,0,0.32,Yes
33,1,0.00,No
48,2,0.21,No
35,1,0.55,No
47,0,0.49,No
69,0,0.58,No
48,1,0.09,No
53,2,0.20,No
47,2,0.00,No
40,0,0.01,No
38,3,0.52,Yes
44,2,0.14,Yes
45,0,0.08,No
44,0,0.58,No
49,2,0.37,Yes
50,0,0.20,No
47,0,0.18,No
36,2,0.10,No
73,0,0.01,No
40,2,0.46,No
62,0,0.27,No
67,4,0.01,No
43,0,0.01,No
63,1,0.36,No
75,0,0.00,No
37,1,0.60,No
46,2,0.54,No
60,0,0.73,No
45,3,0.20,No
36,0,0.11,No
45,3,0.24,No
54,1,0.24,Yes
52,0,0.24,No
57,3,0.54,No
43,0,0.25,Yes
31,0,0.27,No
42,0,0.26,Yes
56,0,0.72,No
45,0,0.61,No
55,0,0.44,No
61,0,0.87,No
23,0,0.00,No
49,2,0.59,No
47,0,0.10,No
51,3,0.23,No
30,0,0.17,Yes
65,0,0.24,No
48,1,0.39,No
66,0,0.40,Yes
45,2,0.75,No
63,1,0.00,No
54,0,0.57,No
39,4,0.18,No
65,0,0.40,No
38,0,0.41,Yes
57,2,0.15,No
30,1,0.15,No
41,0,0.37,No
32,0,0.03,No
40,0,0.19,No
25,0,0.00,Yes
36,0,0.08,No
64,0,0.43,No
35,2,0.35,No
26,0,0.48,No
28,0,0.47,No
74,1,0.00,No
52,0,0.06,Yes
46,2,0.30,No
50,1,0.32,No
36,1,0.60,No
49,0,0.03,No
55,0,0.79,No
57,0,0.63,No
27,0,0.21,No
41,0,0.22,No
65,3,0.19,No
35,0,0.18,Yes
60,2,0.05,No
22,0,0.03,No
65,0,0.34,No
67,0,0.03,No
57,0,0.16,No
68,0,0.34,No
59,1,0.09,No
50,0,0.01,No
57,3,0.34,No
23,0,0.00,No
46,1,0.04,No
35,3,0.09,No
67,0,0.34,Yes
35,0,0.07,No
46,0,0.64,Yes
36,0,0.58,No
43,2,0.48,No
67,0,0.20,No
46,3,0.22,No
42,4,0.42,No
30,0,0.22,No
35,0,0.77,No
62,2,0.01,No
40,2,0.48,Yes
63,0,0.16,No
68,0,0.39,No
52,2,0.24,Yes
28,0,0.03,No
68,0,0.15,No
38,0,0.17,No
50,1,0.30,Yes
31,1,0.34,No
50,1,0.54,No
35,0,0.35,No
36,0,0.78,No
41,1,0.37,Yes
64,0,0.00,No
57,0,0.33,Yes
29,1,0.14,No
40,1,0.18,Yes
49,0,0.00,No
55,2,0.54,No
29,0,0.29,No
55,0,0.47,Yes
61,1,0.42,No
40,2,0.27,No
42,3,0.16,No
80,0,0.01,No
70,1,0.60,Yes
49,2,0.46,Yes
51,0,0.69,No
54,0,0.14,No
46,0,0.17,No
36,0,0.00,No
36,3,0.21,Yes
57,2,0.11,No
76,0,0.00,No
80,1,0.01,No
66,1,0.69,No
79,0,0.01,Yes
32,0,0.16,No
71,0,0.39,No
32,0,0.56,No
37,0,0.57,No
46,3,0.28,No
52,0,0.65,Yes
57,1,0.56,No
27,0,0.00,No
62,0,0.41,No
61,0,0.06,No
26,0,0.53,No
28,0,0.14,Yes
34,3,0.47,No
65,0,0.55,No
45,4,0.16,No
64,0,0.67,No
52,0,0.45,No
64,0,0.35,No
49,0,0.16,Yes
43,4,0.54,No
38,2,0.84,No
35,1,0.46,Yes
63,0,0.01,No
34,0,0.08,No
37,2,0.35,No
57,0,0.13,No
70,0,0.63,No
68,0,0.19,Yes
76,2,0.07,No
45,0,0.27,No
53,1,0.18,No
31,2,0.44,No
28,0,0.16,Yes
47,1,0.38,No
64,0,0.13,No
60,0,0.06,No
38,1,0.36,No
41,1,0.10,No
32,1,0.09,No
89,0,0.00,No
89,0,0.02,No
32,2,0.45,No
42,1,0.34,No
69,0,0.25,Yes
78,0,0.03,No
74,0,0.33,No
30,0,0.23,No
30,0,0.64,No
37,2,0.35,Yes
62,1,0.89,No
35,2,0.61,No
43,1,0.26,No
81,0,0.21,No
56,0,0.01,No
40,2,0.29,No
47,3,0.28,No
57,1,0.13,No
53,0,0.00,No
55,2,0.65,No
54,0,0.35,Yes
34,0,0.07,No
51,2,0.13,No
51,1,0.18,No
63,0,0.01,No
28,0,0.33,No
64,0,0.25,No
31,3,0.14,No
32,0,0.46,No
45,3,0.30,No
60,0,0.60,No
64,2,0.16,No
77,0,0.00,No
33,0,0.62,No
47,3,0.65,Yes
61,0,0.48,No
49,0,0.53,No
58,0,0.63,No
48,0,0.24,No
47,4,0.33,No
38,0,0.00,No
67,0,0.01,No
55,1,0.25,No
82,1,0.34,No
67,0,0.36,No
78,0,0.09,No
64,0,0.55,No
29,0,0.45,No
26,0,0.41,No
42,0,0.57,No
31,0,0.02,Yes
76,0,0.00,No
58,1,0.16,No
37,0,0.33,No
54,1,0.49,Yes
33,2,0.03,Yes
73,0,0.40,No
40,2,0.45,No
72,0,0.43,No
41,2,0.32,Yes
71,0,0.01,No
43,0,0.87,No
42,4,0.46,No
23,0,0.00,No
91,0,0.00,No
65,0,0.25,No
52,0,0.31,No
47,3,0.29,No
61,0,0.23,No
41,2,0.32,No
40,1,0.68,Yes
39,0,0.04,No
29,3,0.30,No
47,0,0.12,Yes
38,0,0.49,No
63,1,0.09,Yes
44,3,0.38,No
56,0,0.19,No
58,0,0.25,No
51,0,0.35,No
48,2,0.12,No
46,1,0.29,No
34,1,0.49,Yes
66,0,0.40,Yes
68,0,0.70,No
47,3,0.02,Yes
33,2,0.45,No
37,0,0.45,No
53,3,0.17,No
72,0,0.41,Yes
54,2,0.03,No
67,0,0.20,No
58,1,0.20,No
70,0,0.02,No
29,0,0.75,No
55,1,0.12,No
56,0,0.35,No
80,0,0.27,No
62,0,0.08,No
43,2,0.48,Yes
79,0,0.29,No
26,0,0.25,No
69,0,0.31,No
44,0,0.58,No
43,3,0.20,No
41,0,0.38,No
46,0,0.05,No
73,0,0.27,No
46,0,0.35,No
79,0,0.81,No
37,2,0.47,Yes
31,2,0.11,No
52,1,0.47,Yes
35,0,0.17,No
46,1,0.01,Yes
70,1,0.25,No
61,1,0.23,No
49,2,0.26,No
53,1,0.78,No
52,0,0.80,Yes
60,0,0.37,No
68,0,0.22,Yes
27,0,0.11,No
59,3,0.26,No
38,2,0.52,No
46,0,0.42,No
61,0,0.12,No
56,1,0.24,No
35,1,0.35,No
61,1,0.10,No
78,1,0.35,No
25,0,0.32,No
33,0,0.02,No
39,0,0.43,No
53,2,0.18,No
56,0,0.26,No
72,0,0.23,No
47,0,0.10,No
25,0,0.24,No
47,0,0.38,No
48,1,0.00,No
56,3,0.27,No
47,0,0.23,No
54,1,0.18,No
45,1,0.48,Yes
36,0,0.44,Yes
64,1,0.42,No
67,0,0.15,No
28,0,0.11,No
30,0,0.24,Yes
57,3,0.00,No
37,0,0.77,No
48,0,0.13,No
43,2,0.30,No
50,0,0.86,No
52,2,0.31,No
71,0,0.35,No
28,0,0.00,No
50,1,0.66,No
42,1,0.34,No
47,6,0.26,Yes
74,0,0.19,No
32,0,0.86,No
36,0,0.01,No
29,0,0.22,No
36,0,0.70,No
40,1,0.27,No
34,1,0.56,No
81,0,0.24,No
51,0,0.07,No
32,4,0.31,Yes
65,0,0.29,No
46,0,0.09,No
81,0,0.99,No
80,0,0.09,No
45,1,0.00,No
40,2,0.39,No
36,0,0.08,No
61,0,0.03,No
61,0,0.47,Yes
44,3,0.17,No
49,0,0.78,Yes
50,2,0.61,No
67,0,0.25,No
45,1,0.74,No
55,0,0.55,No
45,2,0.01,No
40,1,0.72,Yes
41,3,0.23,No
35,1,0.06,No
61,0,0.28,No
53,1,0.70,Yes
35,0,0.50,No
28,0,0.12,No
46,3,0.41,No
29,0,0.56,No
39,1,0.31,No
57,0,0.57,No
60,0,0.23,No
33,0,0.47,No
45,0,0.41,No
49,1,0.46,No
41,2,0.71,No
55,0,0.09,No
56,0,0.26,No
54,1,0.66,No
56,1,0.36,No
36,3,0.31,No
49,0,0.64,Yes
64,1,0.28,No
46,0,0.62,Yes
74,0,0.01,No
33,0,0.38,No
52,1,0.44,No
25,0,0.57,Yes
41,0,0.91,No
48,0,0.52,No
77,0,0.00,No
49,3,0.34,No
64,0,0.00,No
53,0,0.74,No
53,0,0.36,Yes
77,0,0.21,No
49,2,0.02,No
59,0,0.06,No
61,1,0.04,No
59,0,0.17,No
42,0,0.24,No
56,1,0.24,No
48,3,0.26,No
34,4,0.23,No
76,0,0.01,No
58,1,0.01,No
70,0,0.00,No
50,1,0.45,No
62,0,0.23,No
69,0,0.27,No
64,1,0.28,No
58,0,0.34,No
62,1,0.48,No
68,0,0.23,No
66,0,0.25,Yes
47,2,0.51,No
35,0,0.44,No
65,0,0.17,Yes
48,2,0.50,Yes
45,0,0.39,No
27,0,0.51,Yes
58,0,0.44,Yes
62,0,0.08,No
63,0,0.61,No
77,0,0.00,No
45,3,0.35,Yes
62,0,0.76,No
66,0,0.29,Yes
45,4,0.00,No
54,0,0.94,Yes
51,1,0.01,No
78,0,0.06,No
37,0,0.01,No
49,2,0.45,No
57,0,0.60,No
48,2,0.21,No
64,0,0.43,No
39,0,0.04,No
28,1,0.93,No
64,0,0.10,No
47,3,0.64,Yes
22,0,0.00,No
68,0,0.07,No
64,0,0.27,No
44,1,0.73,No
40,2,0.16,No
79,0,0.03,No
67,0,0.61,No
46,2,0.31,No
60,0,0.42,No
80,0,0.00,No
37,0,0.16,No
46,1,0.19,No
45,0,0.29,No
58,3,0.09,No
55,0,0.64,Yes
65,1,0.16,No
27,0,0.13,No
35,0,0.00,No
45,0,0.52,Yes
51,3,0.28,No
55,2,0.30,No
35,1,0.35,Yes
37,2,0.28,No
47,4,0.59,No
48,2,0.32,No
70,0,0.19,No
57,1,0.43,No
38,2,0.46,No
28,0,0.19,No
48,4,0.13,No
55,0,0.40,No
41,2,0.42,No
47,3,0.40,No
55,0,0.21,No
72,2,0.20,Yes
44,0,0.23,No
81,1,0.09,No
36,0,0.53,No
73,0,0.39,No
59,2,0.51,No
34,0,0.51,No
57,5,0.36,Yes
40,0,0.23,Yes
50,1,0.45,No
46,2,0.45,No
64,0,0.01,No
49,0,0.30,No
65,0,0.00,No
48,1,0.41,No
78,0,0.02,No
41,2,0.06,No
43,1,0.31,No
37,0,0.35,No
43,1,0.56,No
24,0,0.10,No
29,1,0.26,Yes
30,0,0.02,No
63,1,0.58,No
66,0,0.09,No
49,4,0.35,No
30,1,0.11,No
66,0,0.08,No
60,3,0.36,No
44,0,0.71,No
34,0,0.19,No
62,0,0.07,No
85,0,0.22,No
52,3,0.11,No
43,3,0.15,No
45,2,0.40,No
33,0,0.01,No
57,3,0.22,Yes
64,1,0.29,No
54,0,0.07,No
42,1,0.06,Yes
43,1,0.48,No
51,0,0.48,No
61,0,0.51,Yes
62,1,0.32,No
89,0,0.55,Yes
46,1,0.67,No
42,2,0.25,No
55,0,0.73,No
43,0,0.44,Yes
27,0,0.68,Yes
56,1,0.24,No
21,0,0.00,No
43,1,0.10,No
36,0,0.05,No
89,0,0.40,Yes
52,3,0.54,No
56,1,0.31,No
42,0,0.19,No
49,0,0.16,No
59,0,0.14,No
64,0,0.00,No
66,0,0.08,No
58,3,0.10,Yes
58,1,0.27,No
46,2,0.38,No
82,0,0.00,No
40,1,0.48,No
52,0,0.25,No
34,2,0.34,No
41,0,0.44,No
54,0,0.27,Yes
72,0,0.24,No
57,0,0.56,No
52,1,0.45,No
35,2,0.61,No
40,0,0.01,No
62,2,0.23,No
40,2,0.33,No
57,0,0.07,No
64,0,0.49,No
26,0,0.80,No
49,2,0.20,No
70,0,0.81,No
54,0,0.28,No
28,0,0.59,No
31,0,0.13,No
71,1,0.31,No
75,0,0.14,No
59,0,0.01,No
64,2,0.21,No
53,0,0.18,No
46,0,0.48,Yes
60,0,0.02,No
35,0,0.90,Yes
50,3,0.46,No
63,0,0.25,No
77,0,0.08,No
60,0,0.85,No
63,0,0.39,No
62,1,0.57,No
39,0,0.00,No
50,2,0.47,No
49,2,0.43,No
66,0,0.09,No
62,0,0.55,No
30,0,0.23,No
68,0,0.78,Yes
72,2,0.11,Yes
21,0,0.00,No
62,0,0.01,No
43,1,0.11,No
60,0,0.83,No
32,1,0.80,No
36,0,0.04,No
60,1,0.01,No
47,1,0.27,Yes
46,0,0.29,No
55,0,0.32,No
86,0,0.18,No
32,0,0.21,No
58,0,0.09,No
74,0,0.15,No
66,0,0.67,Yes
30,1,0.69,No
62,4,0.23,No
37,0,0.20,No
53,0,0.09,No
43,0,0.40,No
49,1,0.39,No
56,1,0.19,No
44,0,0.62,No
29,0,0.25,Yes
31,0,0.18,No
54,0,0.01,Yes
68,2,0.45,No
85,0,0.52,No
57,2,0.12,No
57,1,0.89,No
42,2,0.05,No
52,0,0.31,No
33,0,0.04,No
38,2,0.29,No
65,1,0.30,No
46,0,0.44,No
38,3,0.16,Yes
69,0,0.16,No
57,2,0.38,No
57,1,0.28,No
44,0,0.41,No
38,2,0.61,No
51,0,0.24,No
50,0,0.09,No
60,1,0.27,No
62,0,0.02,No
46,2,0.04,Yes
44,2,0.00,Yes
61,2,0.10,No
48,3,0.14,Yes
61,0,0.16,No
62,2,0.00,No
64,0,0.24,No
53,3,0.46,No
32,2,0.18,No
69,0,0.00,No
58,2,0.22,No
37,0,0.11,No
52,2,0.36,No
38,1,0.00,No
62,1,0.16,No
37,3,0.37,Yes
79,0,0.13,No
74,0,0.13,Yes
55,4,0.24,No
70,1,0.23,No
36,0,0.43,No
34,0,0.08,No
72,0,0.79,No
48,1,0.76,Yes
52,2,0.70,No
64,0,0.36,No
49,2,0.54,Yes
51,1,0.13,No
41,4,0.28,No
63,0,0.23,No
47,2,0.22,No
34,0,0.11,No
26,0,0.12,No
56,2,0.40,Yes
36,0,0.00,Yes
75,0,0.27,No
48,1,0.54,No
58,1,0.52,No
29,1,0.89,No
62,1,0.35,No
53,0,0.49,No
48,0,0.26,No
58,2,0.12,No
81,1,0.00,No
75,1,0.21,No
76,0,0.37,Yes
58,4,0.32,No
57,0,0.40,Yes
53,1,0.04,Yes
41,0,0.19,No
41,3,0.35,No
59,0,0.30,No
61,0,0.80,Yes
76,0,0.37,No
78,0,0.27,No
46,0,0.81,No
58,2,0.23,No
65,0,0.43,No
71,0,0.14,Yes
69,0,0.32,No
34,4,0.22,Yes
33,1,0.01,No
60,0,0.22,No
63,0,0.06,No
34,0,0.36,No
63,0,0.06,No
39,2,0.62,No
44,0,0.50,No
44,1,0.64,No
44,1,0.29,No
58,3,0.03,No
77,0,0.49,No
44,0,0.23,No
51,0,0.30,No
47,0,0.36,No
55,1,0.39,Yes
48,4,0.34,No
66,1,0.31,No
37,3,0.45,No
63,1,0.33,Yes
51,2,0.51,Yes
63,0,0.00,No
68,0,0.20,No
45,0,0.14,No
50,0,0.03,No
72,0,0.22,No
45,4,0.50,No
55,0,0.48,No
77,0,0.00,No
29,0,0.08,No
46,0,0.44,No
46,4,0.52,Yes
50,0,0.00,No
60,2,0.26,No
42,0,0.34,No
46,1,0.67,Yes
49,0,0.00,No
57,1,0.37,No
80,0,0.00,No
73,1,0.23,No
29,3,0.37,Yes
63,0,0.01,No
53,0,0.78,Yes
57,1,0.06,No
52,1,0.55,No
35,2,0.63,No
62,0,0.13,Yes
67,0,0.12,No
41,2,0.28,No
52,4,0.36,No
45,0,0.00,No
57,1,0.30,Yes
56,0,0.22,No
41,0,0.45,No
44,3,0.33,No
81,0,0.10,No
37,2,0.63,No
38,4,0.12,No
53,3,0.53,Yes
46,3,0.00,No
41,3,0.02,No
35,2,0.39,No
70,1,0.89,No
59,1,0.86,No
68,0,0.04,No
44,2,0.94,No
38,0,0.11,No
31,0,0.34,No
35,0,0.16,No
28,0,0.12,No
60,1,0.26,No
34,0,0.92,Yes
39,2,0.67,No
31,0,0.19,No
78,0,0.38,No
83,0,0.22,No
67,0,0.16,No
26,2,0.28,No
57,0,0.27,No
53,1,0.42,Yes
52,0,0.39,No
65,0,0.19,No
34,0,0.16,No
54,1,0.28,No
58,0,0.49,No
43,0,0.54,No
24,2,0.14,No
69,0,0.01,No
40,1,0.40,No
47,2,0.30,Yes
45,0,0.08,Yes
46,2,0.60,No
62,1,0.35,No
31,1,0.07,No
40,0,0.22,No
67,0,0.04,Yes
57,0,0.13,No
29,2,0.34,No
45,2,0.61,No
39,0,0.11,Yes
45,3,0.51,No
50,2,0.36,Yes
36,1,0.30,No
54,0,0.39,No
73,0,0.00,No
48,0,0.54,No
71,0,0.12,No
64,0,0.30,No
60,0,0.17,No
62,1,0.26,No
58,1,0.20,No
52,3,0.01,No
46,0,0.41,No
36,3,0.64,No
45,1,0.32,No
44,0,0.16,No
39,0,0.41,No
65,0,0.31,No
70,0,0.22,No
33,0,0.29,No
40,2,0.32,Yes
40,0,0.27,No
69,0,0.01,No
49,0,0.40,No
52,2,0.20,Yes
62,0,0.40,No
66,0,0.60,No
27,0,0.37,No
72,1,0.30,No
37,2,0.73,No
47,0,0.53,No
30,1,0.26,No
44,2,0.23,No
30,2,0.14,Yes
72,0,0.13,No
80,0,0.17,No
47,1,0.28,No
40,0,0.00,No
29,0,0.37,Yes
47,2,0.42,No
52,0,0.32,Yes
42,1,0.91,No
70,1,0.66,Yes
63,0,0.73,No
36,0,0.82,Yes
51,3,0.18,No
46,0,0.15,No
41,2,0.27,No
61,0,0.50,No
66,0,0.02,No
49,0,0.38,No
52,2,0.59,Yes
82,0,0.12,No
55,3,0.39,No
45,0,0.03,No
49,0,0.31,No
81,0,0.02,No
77,0,0.04,No
42,1,0.46,No
55,0,0.28,No
54,0,0.00,No
33,0,0.12,No
52,0,0.46,No
39,0,0.05,Yes
67,0,0.46,No
77,0,0.31,No
77,0,0.51,No
39,1,0.34,Yes
35,0,0.80,No
45,0,0.47,No
40,0,0.06,No
61,3,0.37,No
48,0,0.49,Yes
32,0,0.23,No
49,3,0.43,No
60,0,0.40,No
49,2,0.27,No
39,1,0.31,Yes
63,1,0.65,No
46,0,0.16,No
31,1,0.46,Yes
60,0,0.32,Yes
60,1,0.47,No
74,0,0.12,No
38,0,0.05,No
51,0,0.45,Yes
27,0,0.14,No
66,0,0.01,No
66,0,0.44,No
43,1,0.46,No
87,0,0.02,No
53,1,0.22,No
42,0,0.27,No
38,1,0.29,No
64,0,0.18,No
70,0,0.58,No
55,2,0.47,No
54,0,0.19,No
57,0,0.70,Yes
65,0,0.12,No
42,1,0.11,No
41,1,0.27,No
40,0,0.43,Yes
43,0,0.00,No
55,2,0.24,No
57,0,0.45,No
59,4,0.34,Yes
64,1,0.20,No
37,1,0.15,No
36,0,0.75,No
52,0,0.04,No
26,1,0.03,No
34,0,0.73,Yes
23,0,0.12,No
48,1,0.37,No
64,0,0.57,No
46,4,0.27,Yes
55,0,0.34,No
52,2,0.28,Yes
34,1,0.46,No
45,2,0.56,Yes
37,3,0.49,No
78,0,0.39,Yes
55,1,0.44,Yes
32,2,0.00,No
56,2,0.31,No
38,0,0.69,No
39,0,0.29,No
68,0,0.25,Yes
50,0,0.00,No
45,1,0.55,Yes
91,0,0.18,No
46,3,0.19,Yes
50,0,0.37,No
64,1,0.21,No
53,3,0.30,No
70,0,0.04,No
68,0,0.00,No
61,0,0.29,Yes
44,1,0.18,No
41,1,0.28,No
50,0,0.16,No
28,0,0.29,No
54,2,0.95,No
46,0,0.09,No
59,1,0.24,No
42,2,0.50,Yes
37,2,0.13,No
64,0,0.16,No
68,0,0.00,No
30,0,0.34,No
53,2,0.46,Yes
62,0,0.31,No
64,1,0.35,No
24,0,0.02,No
53,0,0.20,Yes
22,0,0.00,No
69,0,0.40,Yes
49,1,0.16,No
32,0,0.48,No
45,2,0.35,Yes
62,1,0.11,No
31,0,0.50,No
76,0,0.29,No
52,0,0.41,No
54,1,0.27,Yes
59,0,0.34,No
52,0,0.35,No
65,0,0.61,No
50,2,0.48,No
58,0,0.38,No
34,0,0.12,No
62,0,0.37,Yes
41,2,0.15,Yes
64,0,0.74,No
39,2,0.41,Yes
56,1,0.25,No
62,0,0.42,No
27,1,0.14,No
64,0,0.04,No
29,0,0.42,Yes
30,0,0.00,No
34,2,0.38,No
56,2,0.03,No
26,0,0.04,No
50,1,0.60,No
72,1,0.28,No
57,3,0.50,No
38,3,0.17,No
43,5,0.35,No
24,0,0.01,No
33,0,0.22,No
43,1,0.20,No
57,0,0.61,Yes
46,0,0.10,No
56,1,0.05,No
37,1,0.30,No
62,1,0.53,No
49,2,0.27,No
80,1,0.30,No
51,0,0.39,No
27,0,0.11,No
68,1,0.18,No
55,0,0.22,No
51,2,0.60,No
63,0,0.24,No
72,0,0.00,No
39,0,0.31,No
41,2,0.12,No
59,0,0.80,No
64,0,0.47,No
56,0,0.76,No
61,2,0.65,No
62,0,0.46,Yes
54,2,0.41,No
52,2,0.29,No
44,3,0.23,Yes
33,0,0.01,Yes
24,0,0.07,No
58,3,0.42,No
45,2,0.22,No
35,0,0.15,Yes
72,1,0.12,No
54,1,0.87,No
77,1,0.21,No
61,0,0.42,No
51,3,0.32,No
52,2,0.43,No
26,1,0.45,No
44,0,0.61,Yes
51,0,0.36,No
33,1,0.33,No
50,0,0.41,No
75,1,0.01,Yes
48,0,0.14,Yes
24,0,0.15,No
89,0,0.29,No
31,0,0.12,Yes
41,1,0.16,Yes
39,2,0.44,No
54,4,0.65,No
59,0,0.24,No
57,0,0.48,No
61,2,0.14,No
29,0,0.26,No
42,2,0.13,No
55,0,0.42,No
62,0,0.30,No
63,0,0.01,No
38,1,0.12,No
32,3,0.16,Yes
30,0,0.17,No
31,3,0.46,No
47,5,0.19,Yes
49,2,0.39,No
76,0,0.51,No
49,0,0.42,No
60,0,0.30,Yes
33,2,0.25,No
70,0,0.72,No
61,1,0.29,No
55,1,0.28,No
50,3,0.26,No
63,3,0.25,No
40,2,0.44,No
53,2,0.00,No
57,3,0.34,No
73,0,0.34,No
26,0,0.08,No
33,4,0.38,No
50,0,0.06,No
47,0,0.61,No
45,2,0.66,Yes
33,1,0.19,No
44,2,0.40,No
36,3,0.49,No
28,2,0.09,No
75,2,0.14,No
43,0,0.44,No
64,1,0.29,No
65,0,0.15,No
76,0,0.17,No
54,2,0.48,No
46,1,0.35,No
39,4,0.34,No
48,0,0.40,No
46,2,0.40,No
47,0,0.33,No
65,0,0.04,No
61,1,0.19,No
44,0,0.26,No
47,2,0.28,No
53,0,0.08,No
60,0,0.09,No
81,0,0.13,No
73,0,0.30,No
25,0,0.43,No
63,0,0.29,No
44,2,0.19,No
50,2,0.64,Yes
40,0,0.50,No
58,0,0.41,No
60,1,0.34,No
67,0,0.28,No
75,1,0.01,No
45,0,0.86,No
39,2,0.18,No
73,0,0.16,Yes
52,0,0.38,No
72,0,0.23,No
63,0,0.26,No
34,0,0.01,No
65,0,0.63,No
62,3,0.26,Yes
48,1,0.00,No
55,1,0.13,No
32,3,0.21,No
53,1,0.15,No
27,3,0.17,No
37,1,0.44,No
48,3,0.10,No
56,2,0.39,Yes
51,3,0.56,No
41,0,0.29,No
48,2,0.27,No
56,0,0.24,Yes
44,2,0.17,No
31,1,0.18,Yes
41,2,0.41,No
35,2,0.26,No
58,3,0.22,No
28,0,0.09,No
41,1,0.08,Yes
41,2,0.45,No
56,0,0.41,No
51,0,0.09,Yes
31,0,0.09,No
58,1,0.15,No
44,0,0.22,No
52,0,0.10,Yes
42,2,0.32,No
59,6,0.43,Yes
80,0,0.38,No
35,0,0.11,No
34,0,0.15,No
45,2,0.46,No
54,3,0.20,Yes
40,3,0.31,No
39,4,0.35,No
28,1,0.71,No
57,0,0.21,No
47,2,0.32,No
50,0,0.59,No
84,0,0.20,No
56,1,0.25,Yes
46,2,0.30,No
79,0,0.11,No
72,0,0.41,No
59,1,0.05,No
53,3,0.05,Yes
51,2,0.18,No
62,0,0.05,No
47,3,0.28,Yes
39,3,0.38,Yes
72,0,0.02,No
68,0,0.46,No
25,0,0.15,No
67,1,0.06,No
36,3,0.27,No
41,2,0.32,Yes
49,2,0.38,No
70,1,0.12,No
53,0,0.51,Yes
69,0,0.16,No
39,2,0.85,No
68,0,0.09,No
59,0,0.72,Yes
76,0,0.12,No
40,0,0.72,No
33,0,0.43,No
48,2,0.29,No
49,1,0.34,No
50,0,0.06,No
36,2,0.52,Yes
62,0,0.56,No
37,4,0.06,No
55,2,0.20,No
59,0,0.29,No
42,0,0.76,No
58,3,0.25,Yes
67,0,0.24,No
62,0,0.09,No
48,4,0.25,No
61,0,0.07,No
39,0,0.34,No
27,0,0.51,No
75,0,0.09,No
58,0,0.60,No
37,3,0.33,No
55,1,0.88,Yes
40,1,0.66,No
65,1,0.44,No
61,0,0.00,No
30,0,0.20,No
39,5,0.78,Yes
50,1,0.34,No
69,0,0.06,No
48,5,0.12,No
47,4,0.60,No
30,0,0.31,No
37,1,0.17,No
25,0,0.00,No
48,0,0.32,No
65,0,0.15,No
62,0,0.03,Yes
31,0,0.42,No
43,2,0.26,No
30,1,0.42,No
48,0,0.38,No
34,0,0.61,No
56,0,0.61,No
76,1,0.21,Yes
57,0,0.32,No
57,0,0.26,No
49,0,0.48,No
49,0,0.17,No
60,1,0.01,No
31,2,0.10,Yes
48,0,0.47,No
45,2,0.41,No
54,0,0.11,Yes
39,2,0.61,Yes
46,2,0.60,Yes
60,0,0.19,No
40,0,0.36,No
69,1,0.30,No
48,2,0.00,Yes
27,1,0.15,No
74,0,0.00,No
30,0,0.95,No
61,0,0.31,No
43,2,0.02,Yes
63,0,0.70,No
55,0,0.50,Yes
46,2,0.61,Yes
64,0,0.47,No
56,2,0.05,No
38,1,0.39,No
38,1,0.30,No
35,0,0.19,No
37,3,0.63,No
82,0,0.18,No
52,3,0.64,No
41,0,0.14,No
42,1,0.00,No
35,2,0.72,No
92,1,0.24,Yes
39,3,0.26,No
62,0,0.03,No
48,2,0.30,No
27,0,0.05,No
62,1,0.25,Yes
70,0,0.21,No
59,0,0.44,No
78,0,0.12,No
45,1,0.29,No
39,0,0.38,Yes
29,0,0.27,Yes
30,0,0.17,No
46,2,0.73,No
58,2,0.21,No
65,0,0.60,No
44,0,0.24,No
41,1,0.13,No
58,0,0.00,No
40,0,0.63,Yes
50,3,0.78,No
27,0,0.15,No
59,1,0.24,No
77,0,0.04,No
57,0,0.72,No
26,0,0.06,No
58,0,0.37,No
45,0,0.45,No
49,1,0.30,No
54,3,0.00,No
53,1,0.43,No
28,0,0.09,Yes
31,1,0.06,Yes
57,0,0.24,No
48,1,0.61,Yes
34,0,0.15,No
61,1,0.29,No
70,0,0.01,No
41,2,0.69,No
54,6,0.25,No
76,0,0.28,No
62,0,0.01,No
47,0,0.01,No
50,0,0.36,No
48,0,0.33,Yes
63,0,0.26,Yes
52,1,0.98,Yes
53,1,0.39,No
33,1,0.31,No
69,3,0.01,No
49,2,0.24,No
36,2,0.29,No
51,1,0.36,Yes
35,1,0.94,No
36,3,0.39,No
52,0,0.77,No
47,4,0.46,Yes
57,0,0.25,No
84,0,0.08,No
69,1,0.04,No
39,1,0.04,Yes
77,0,0.01,No
72,0,0.29,No
53,0,0.06,No
54,1,0.26,Yes
46,0,0.38,No
78,0,0.44,No
50,3,0.31,No
45,1,0.25,No
45,3,0.41,Yes
29,1,0.01,No
59,0,0.94,No
71,1,0.13,Yes
29,0,0.20,No
48,1,0.32,No
38,2,0.32,No
46,0,0.53,No
65,3,0.33,No
63,0,0.39,No
68,1,0.63,No
66,0,0.42,No
50,2,0.09,No
78,0,0.36,No
45,0,0.93,No
53,2,0.54,No
49,0,0.70,No
46,1,0.28,No
51,3,0.39,No
38,0,0.15,No
61,0,0.11,Yes
34,0,0.44,No
48,1,0.51,No
44,0,0.00,No
47,0,0.09,No
61,1,0.47,Yes
35,2,0.94,No
61,0,0.77,No
37,0,0.88,No
27,0,0.01,No
43,0,0.34,No
35,1,0.00,No
67,0,0.08,No
41,2,0.17,No
39,0,0.14,Yes
62,0,0.28,No
28,0,0.01,No
54,0,0.37,No
44,0,0.32,No
32,0,0.44,No
28,0,0.20,Yes
88,0,0.23,No
45,1,0.17,No
73,1,0.12,No
62,0,0.00,No
54,0,0.72,No
52,0,0.00,No
60,0,0.00,No
63,0,0.20,No
46,2,0.32,No
51,0,0.18,No
58,2,0.37,No
55,2,0.34,No
68,0,0.19,No
37,0,0.15,No
94,0,0.00,No
66,0,0.96,No
73,0,0.14,Yes
40,2,0.38,Yes
50,2,0.16,No
43,0,0.01,No
49,3,0.27,No
38,0,0.02,No
61,0,0.71,No
71,0,0.27,No
28,3,0.01,No
41,2,0.16,No
30,1,0.21,No
50,2,0.76,No
60,2,0.04,No
92,0,0.00,No
49,0,0.01,No
34,5,0.26,No
62,1,0.31,No
40,2,0.13,No
80,0,0.45,No
62,2,0.26,No
34,0,0.24,No
54,0,0.23,No
63,0,0.70,Yes
49,4,0.31,No
55,1,0.39,No
31,2,0.01,Yes
35,0,0.01,No
48,1,0.37,No
27,0,0.48,Yes
40,0,0.14,Yes
30,0,0.21,No
46,1,0.28,No
39,0,0.55,No
52,1,0.11,No
30,0,0.00,No
57,0,0.33,No
38,1,0.82,Yes
71,0,0.22,No
38,2,0.34,No
34,1,0.47,No
64,1,0.31,No
39,1,0.76,No
46,2,0.27,No
71,1,0.11,No
46,5,0.48,No
56,0,0.31,Yes
53,0,0.12,No
66,1,0.30,No
39,0,0.30,No
51,1,0.50,Yes
57,0,0.02,No
51,0,0.72,No
60,0,0.48,No
64,1,0.37,No
51,3,0.34,No
24,0,0.00,No
31,0,0.15,No
85,0,0.01,Yes
65,1,0.55,Yes
31,0,0.79,No
54,1,0.17,No
63,0,0.31,Yes
48,0,0.45,Yes
71,1,0.34,No
70,0,0.24,Yes
42,1,0.16,No
42,1,0.31,No
50,0,0.17,Yes
56,0,0.13,No
66,0,0.00,No
53,1,0.46,No
62,0,0.40,No
63,0,0.12,No
36,0,0.23,No
52,0,0.32,No
26,0,0.00,No
31,0,0.63,No
54,1,0.28,No
78,0,0.32,Yes
50,0,0.38,No
36,0,0.51,No
39,2,0.21,Yes
51,0,0.49,No
57,0,0.84,Yes
48,3,0.26,No
45,1,0.37,No
52,1,0.34,Yes
46,4,0.45,Yes
75,1,0.12,No
48,1,0.27,Yes
39,0,0.00,No
41,0,0.85,No
44,0,0.09,Yes
66,0,0.23,No
57,0,0.02,No
53,0,0.51,No
39,3,0.14,Yes
60,0,0.16,Yes
49,0,0.36,No
71,0,0.35,No
67,1,0.30,Yes
63,1,0.38,No
72,0,0.01,No
80,0,0.51,No
62,0,0.45,No
41,0,0.25,No
24,0,0.01,No
73,0,0.21,No
52,4,0.31,No
59,1,0.18,No
62,2,0.38,No
32,0,0.18,No
91,0,0.08,No
76,1,0.17,No
32,0,0.31,No
53,0,0.71,No
49,0,0.67,No
51,0,0.16,No
54,0,0.39,No
47,0,0.28,No
41,4,0.72,No
67,0,0.13,No
63,0,0.73,No
55,4,0.25,No
39,1,0.39,No
62,2,0.29,No
51,2,0.36,No
61,2,0.60,Yes
55,1,0.06,Yes
38,2,0.00,Yes
54,1,0.45,No
63,0,0.09,No
87,0,0.01,No
40,2,0.41,No
25,0,0.48,No
28,0,0.78,No
75,0,0.47,No
58,4,0.45,No
38,2,0.29,No
56,0,0.32,No
48,4,0.13,No
70,0,0.00,Yes
29,0,0.17,Yes
22,0,0.00,No
45,3,0.24,No
80,1,0.00,No
50,0,0.45,No
36,0,0.51,No
63,0,0.79,No
50,0,0.16,Yes
73,0,0.05,No
51,3,0.27,No
57,1,0.29,No
43,0,0.35,No
62,1,0.36,No
32,2,0.32,No
71,1,0.41,No
43,1,0.35,No
30,2,0.16,No
63,1,0.16,Yes
59,1,0.00,No
28,0,0.14,No
78,0,0.00,No
31,0,0.44,No
65,0,0.29,No
39,4,0.48,No
27,0,0.00,No
41,3,0.25,No
57,3,0.34,No
59,0,0.24,No
38,1,0.31,No
68,0,0.17,No
54,1,0.37,No
38,0,0.21,No
28,2,0.20,No
80,0,0.13,No
55,3,0.22,No
47,0,0.42,No
40,0,0.11,Yes
43,2,0.79,No
61,0,0.23,No
73,0,0.31,No
70,0,0.03,No
28,0,0.20,No
57,1,0.35,No
62,0,0.00,No
27,3,0.46,No
77,0,0.13,Yes
47,3,0.02,No
65,0,0.01,No
31,0,0.26,No
42,0,0.33,No
49,3,0.35,No
71,0,0.25,No
29,3,0.54,No
42,1,0.27,No
43,2,0.60,Yes
51,0,0.39,No
34,2,0.05,No
75,0,0.25,No
56,1,0.55,No
25,0,0.00,No
72,0,0.20,No
49,0,0.17,Yes
50,0,0.05,No
33,2,0.52,No
66,0,0.29,No
35,1,0.37,No
29,0,0.68,No
40,3,0.64,Yes
57,0,0.18,No
69,0,0.01,No
41,2,0.32,No
55,1,0.52,No
36,3,0.13,No
46,2,0.42,Yes
58,0,0.36,No
59,0,0.29,No
64,0,0.26,No
70,1,0.48,No
42,5,0.33,Yes
33,1,0.26,Yes
54,0,0.49,No
63,0,0.04,No
64,0,0.26,No
40,1,0.44,Yes
49,2,0.38,No
52,0,0.61,No
58,2,0.43,Yes
57,0,0.66,No
75,0,0.30,No
44,0,0.37,No
62,1,0.00,No
26,0,0.00,No
40,1,0.79,No
66,0,0.83,No
62,0,0.38,No
46,1,0.08,No
54,3,0.36,No
48,2,0.15,No
57,2,0.25,No
32,0,0.60,No
64,0,0.08,No
54,0,0.35,No
58,0,0.57,No
39,1,0.44,No
35,0,0.86,No
55,1,0.32,Yes
46,2,0.24,No
47,4,0.07,No
67,0,0.36,No
54,0,0.28,No
65,0,0.67,No
81,0,0.24,No
53,0,0.03,No
56,0,0.48,No
33,2,0.71,No
55,1,0.66,No
64,1,0.26,No
87,0,0.10,No
33,0,0.56,No
57,1,0.64,No
34,0,0.06,No
87,0,0.15,No
61,0,0.61,No
51,0,0.37,No
46,0,0.31,No
69,1,0.33,No
55,0,0.21,Yes
37,1,0.34,No
44,3,0.43,No
49,0,0.03,No
49,0,0.40,No
51,0,0.53,No
76,0,0.21,No
46,3,0.77,Yes
36,0,0.44,No
49,0,0.40,No
48,2,0.52,No
41,2,0.55,No
54,2,0.10,No
55,0,0.13,Yes
67,0,0.34,No
24,0,0.00,No
53,2,0.40,Yes
61,0,0.15,No
74,0,0.37,No
81,0,0.48,No
36,1,0.18,No
39,2,0.32,No
80,0,0.00,No
32,0,0.13,Yes
83,0,0.69,No
50,0,0.42,No
61,1,0.29,No
58,0,0.01,No
55,0,0.43,No
58,2,0.00,No
55,0,0.19,No
78,0,0.18,No
66,0,0.36,No
60,0,0.40,No
58,0,0.32,No
69,0,0.28,Yes
67,0,0.03,Yes
81,0,0.34,No
45,0,0.73,No
42,2,0.98,No
34,3,0.69,No
70,0,0.14,No
29,0,0.20,No
36,1,0.36,No
30,0,0.24,No
91,0,0.00,No
40,2,0.10,Yes
83,0,0.67,Yes
66,0,0.21,No
40,3,0.22,Yes
41,0,0.28,Yes
53,0,0.62,No
38,2,0.51,No
74,0,0.21,No
23,0,0.00,No
55,0,0.26,No
48,0,0.08,No
29,0,0.02,No
52,1,0.30,No
57,0,0.31,No
88,1,0.30,No
48,0,0.22,No
62,0,0.41,No
68,0,0.08,No
33,0,0.56,Yes
52,0,0.21,No
48,1,0.36,No
51,1,0.19,No
83,0,0.42,No
36,0,0.14,No
42,2,0.37,No
38,3,0.83,No
62,0,0.57,No
48,0,0.31,Yes
50,2,0.70,Yes
27,0,0.18,No
53,1,0.40,No
66,1,0.18,No
57,0,0.31,No
34,0,0.04,No
42,0,0.44,No
42,0,0.75,No
71,0,0.38,No
24,0,0.18,No
74,0,0.15,No
63,1,0.27,No
43,0,0.15,No
48,1,0.38,Yes
29,1,0.25,No
69,0,0.19,Yes
49,0,0.14,No
62,1,0.38,No
49,3,0.18,No
57,0,0.33,No
54,0,0.16,No
36,1,0.16,No
50,0,0.50,No
71,1,0.43,No
46,1,0.15,No
57,1,0.39,No
58,0,0.01,No
72,0,0.20,No
73,0,0.26,No
53,0,0.46,No
31,1,0.00,No
43,2,0.80,Yes
67,1,0.00,No
47,0,0.26,No
52,0,0.26,Yes
35,0,0.26,No
52,1,0.36,No
35,0,0.35,No
38,2,0.30,No
45,1,0.19,No
84,0,0.00,No
62,0,0.36,No
58,1,0.96,No
77,0,0.19,No
49,1,0.13,No
64,1,0.34,No
64,0,0.07,No
42,0,0.16,No
69,0,0.01,No
74,0,0.30,Yes
40,2,0.15,No
45,2,0.31,No
87,0,0.05,No
34,0,0.64,No
39,3,0.36,No
39,0,0.51,No
61,0,0.07,No
27,0,0.02,No
64,0,0.23,No
38,0,0.04,Yes
65,0,0.18,No
43,0,0.26,No
43,0,0.16,Yes
31,2,0.11,No
51,2,0.35,No
35,0,0.01,Yes
44,1,0.33,No
48,1,0.69,No
41,2,0.26,No
82,0,0.00,No
59,1,0.58,No
42,0,0.23,No
61,1,0.00,No
55,1,0.30,No
65,0,0.21,No
55,0,0.01,No
65,0,0.15,Yes
30,0,0.00,No
52,0,0.31,No
42,3,0.57,Yes
67,0,0.12,No
28,1,0.08,No
50,2,0.93,No
26,0,0.12,Yes
39,2,0.60,No
51,4,0.26,No
22,0,0.01,No
48,1,0.38,No
42,2,0.25,No
74,0,0.16,No
41,0,0.93,No
27,0,0.09,No
32,0,0.17,Yes
58,1,0.00,No
40,2,0.31,No
38,1,0.60,No
42,3,0.93,No
47,3,0.38,Yes
81,0,0.54,No
35,2,0.66,No
44,4,0.73,No
60,0,0.06,No
51,0,0.41,No
65,0,0.35,No
46,6,0.14,No
42,3,0.36,No
46,3,0.22,No
58,1,0.31,Yes
41,2,0.31,No
85,0,0.01,No
55,0,0.15,Yes
47,6,0.15,No
45,1,0.39,No
41,0,0.20,No
63,3,0.28,No
40,1,0.32,No
52,1,0.19,No
41,4,0.94,Yes
45,4,0.51,No
80,0,0.00,No
49,4,0.36,Yes
54,0,0.54,No
60,0,0.22,No
79,0,0.09,No
59,0,0.33,No
54,3,0.39,No
41,0,0.16,No
34,1,0.32,No
81,0,0.84,Yes
35,1,0.31,No
38,3,0.13,Yes
32,0,0.14,No
53,1,0.59,Yes
49,0,0.58,No
45,1,0.27,No
51,0,0.40,No
66,1,0.76,No
51,1,0.07,No
65,0,0.35,No
66,2,0.67,No
67,0,0.00,No
67,0,0.70,No
87,0,0.56,No
55,0,0.45,No
66,1,0.45,No
55,1,0.38,No
54,2,0.40,No
76,0,0.88,Yes
54,0,0.51,No
53,0,0.05,No
74,1,0.50,No
29,0,0.34,No
61,1,0.37,No
64,1,0.32,No
69,0,0.31,No
47,4,0.22,No
58,2,0.34,No
66,0,0.35,No
32,0,0.71,No
46,1,0.26,No
35,4,0.21,No
64,0,0.31,No
30,0,0.95,Yes
49,0,0.28,No
47,0,0.31,No
44,2,0.44,No
46,0,0.01,No
28,0,0.23,Yes
44,1,0.12,No
49,2,0.47,No
47,5,0.03,No
41,1,0.53,Yes
53,1,0.00,No
27,2,0.26,No
43,3,0.55,Yes
64,0,0.36,No
77,1,0.07,No
39,2,0.29,Yes
28,0,0.48,No
74,0,0.00,No
48,0,0.31,No
75,0,0.23,No
45,3,0.89,No
43,0,0.00,No
40,1,0.62,No
69,0,0.97,No
74,0,0.01,No
33,0,0.31,No
76,0,0.04,No
48,0,0.23,Yes
35,0,0.67,No
51,2,0.25,No
88,0,0.46,No
57,0,0.56,No
78,0,0.16,No
47,3,0.53,Yes
45,2,0.26,Yes
72,1,0.00,No
38,2,0.35,No
43,0,0.16,No
44,1,0.27,No
50,2,0.56,Yes
56,2,0.29,No
51,1,0.01,No
83,0,0.01,Yes
37,2,0.30,No
81,0,0.17,No
43,1,0.41,No
63,0,0.47,Yes
66,0,0.17,No
75,0,0.31,No
51,2,0.19,No
50,3,0.22,No
39,0,0.01,No
56,4,0.46,No
35,0,0.17,Yes
43,0,0.38,No
60,2,0.20,No
56,2,0.50,Yes
49,4,0.10,Yes
55,0,0.88,No
51,3,0.84,No
56,0,0.24,No
53,0,0.52,No
33,1,0.14,No
59,3,0.31,No
43,1,0.23,Yes
49,1,0.20,No
49,0,0.10,No
73,0,0.29,No
37,4,0.00,No
39,2,0.39,No
42,0,0.26,No
42,0,0.32,No
62,0,0.29,No
51,0,0.24,No
59,2,0.57,No
83,0,0.00,No
58,0,0.48,No
61,2,0.56,No
41,2,0.66,No
61,0,0.22,No
62,0,0.02,No
66,0,0.38,No
72,0,0.05,No
55,0,0.36,No
49,3,0.36,No
46,0,0.14,No
63,1,0.32,No
89,0,0.00,No
64,0,0.27,No
52,0,0.13,No
79,0,0.05,No
62,0,0.09,No
78,0,0.01,No
50,1,0.57,Yes
36,1,0.88,No
57,0,0.34,No
38,0,0.18,Yes
48,0,0.48,No
41,0,0.25,No
66,0,0.27,No
31,0,0.07,No
70,0,0.22,No
33,0,0.24,No
43,4,0.36,No
61,0,0.01,No
49,0,0.01,No
63,1,0.51,No
54,4,0.57,No
68,1,0.75,No
58,2,0.41,Yes
36,0,0.69,No
64,0,0.00,No
24,0,0.26,Yes
45,2,0.48,No
41,0,0.12,No
35,0,0.38,No
30,1,0.24,No
58,2,0.10,Yes
52,0,0.09,No
39,0,0.79,Yes
46,0,0.15,No
67,1,0.26,Yes
34,0,0.27,No
33,0,0.13,No
32,0,0.01,No
37,2,0.44,No
60,0,0.29,No
72,0,0.46,No
58,0,0.02,No
41,5,0.52,No
70,0,0.04,No
32,3,0.21,No
44,3,0.00,No
67,0,0.52,Yes
46,2,0.17,No
68,0,0.28,No
57,0,0.56,No
56,0,0.21,No
36,2,0.82,No
34,1,0.83,No
26,1,0.07,Yes
43,0,0.94,No
32,0,0.21,No
38,0,0.19,No
25,0,0.00,No
60,0,0.21,No
29,0,0.26,No
42,3,0.57,No
57,0,0.46,No
49,3,0.51,Yes
50,1,0.52,No
31,0,0.10,No
42,2,0.00,No
51,2,0.79,No
58,1,0.54,No
83,0,0.18,No
38,0,0.43,No
37,3,0.23,No
60,1,0.43,No
56,0,0.64,No
31,0,0.64,No
31,2,0.65,Yes
40,1,0.17,No
45,2,0.08,No
37,3,0.23,No
29,0,0.46,No
60,1,0.21,No
36,0,0.44,Yes
50,2,0.09,No
68,0,0.15,No
66,0,0.35,No
62,0,0.43,No
41,0,0.65,No
32,2,0.26,No
42,0,0.67,No
44,1,0.65,Yes
84,0,0.01,No
34,0,0.78,No
52,2,0.14,No
43,0,0.44,No
24,0,0.01,No
53,3,0.14,No
28,0,0.09,No
61,1,0.42,No
85,0,0.33,No
42,0,0.47,No
44,0,0.48,Yes
58,0,0.84,No
38,2,0.51,No
48,3,0.22,No
36,2,0.26,No
46,2,0.19,No
60,0,0.50,No
51,2,0.07,No
34,2,0.15,No
43,2,0.38,No
55,0,0.49,No
50,1,0.36,No
63,0,0.13,No
46,0,0.49,No
70,0,0.22,Yes
66,0,0.03,No
28,0,0.55,Yes
47,0,0.25,No
51,2,0.33,Yes
72,0,0.17,No
82,0,0.00,No
29,0,0.03,Yes
30,2,0.70,No
59,0,0.60,No
50,5,0.19,No
34,0,0.78,No
55,3,0.04,No
52,1,0.12,No
37,0,0.43,Yes
39,1,0.36,No
45,0,0.74,No
59,1,0.18,No
50,0,0.06,No
48,2,0.42,Yes
66,0,0.30,No
61,3,0.17,No
43,0,0.86,Yes
28,1,0.23,No
75,1,0.01,No
58,2,0.38,No
44,0,0.00,No
31,1,0.49,No
53,0,0.24,Yes
41,1,0.43,No
56,0,0.42,Yes
39,3,0.44,No
65,1,0.54,No
55,0,0.79,No
60,0,0.43,No
53,0,0.31,No
39,2,0.18,No
66,0,0.39,No
45,2,0.04,Yes
48,1,0.22,Yes
74,0,0.52,No
45,2,0.51,No
35,0,0.24,No
61,0,0.28,No
53,1,0.40,No
49,1,0.24,No
50,0,0.19,No
40,0,0.07,No
63,0,0.42,No
48,0,0.28,No
62,2,0.18,No
47,5,0.75,No
31,0,0.10,No
56,2,0.01,No
42,0,0.59,No
56,0,0.31,No
66,1,0.44,No
74,0,0.03,No
64,1,0.14,No
52,3,0.59,No
34,2,0.02,No
39,1,0.64,No
32,2,0.06,No
23,0,0.00,No
48,0,0.08,No
64,1,0.14,No
67,0,0.38,No
55,1,0.01,No
51,0,0.22,No
62,0,0.45,No
58,0,0.21,No
71,0,0.12,No
46,2,0.35,No
54,0,0.62,No
79,0,0.33,No
64,0,0.46,No
81,0,0.10,No
49,0,0.24,No
65,0,0.01,No
60,1,0.51,No
45,0,0.12,No
57,0,0.74,Yes
72,2,0.31,No
62,2,0.39,No
43,3,0.30,No
59,0,0.33,No
32,2,0.19,Yes
62,0,0.13,No
56,0,0.21,No
75,1,0.35,No
39,1,0.67,No
56,1,0.12,No
61,1,0.28,No
53,0,0.19,No
61,0,0.26,No
34,2,0.37,No
62,0,0.57,No
42,0,0.62,No
32,0,0.21,No
59,1,0.16,No
33,4,0.72,No
32,0,0.07,No
63,0,0.78,Yes
64,0,0.71,Yes
22,0,0.00,No
70,0,0.45,No
63,0,0.75,No
25,0,0.18,Yes
28,1,0.29,No
57,0,0.02,No
61,0,0.67,Yes
54,1,0.03,No
25,0,0.07,No
47,3,0.76,Yes
71,2,0.30,No
41,0,0.01,No
32,0,0.07,No
51,0,0.01,No
49,3,0.49,No
81,1,0.08,No
70,0,0.02,No
45,0,0.72,No
42,0,0.99,No
31,1,0.26,No
32,0,0.34,Yes
58,3,0.20,No
40,0,0.14,No
57,1,0.24,No
56,1,0.44,No
49,0,0.36,No
55,0,0.18,No
53,0,0.01,No
46,1,0.00,No
76,0,0.16,No
39,2,0.20,No
42,0,0.46,No
34,0,0.08,No
60,0,0.47,No
61,0,0.53,No
63,1,0.67,Yes
76,0,0.01,No
66,1,0.01,No
48,4,0.42,Yes
47,3,0.28,Yes
72,0,0.01,No
61,3,0.10,No
31,0,0.09,No
69,0,0.58,No
40,2,0.62,Yes
46,3,0.25,No
54,2,0.28,No
39,2,0.90,No
64,0,0.05,No
53,2,0.21,No
60,0,0.24,No
51,0,0.66,No
79,1,0.01,No
60,1,0.33,No
48,0,0.41,No
47,2,0.13,No
41,2,0.06,No
41,2,0.32,No
56,0,0.24,No
55,0,0.40,No
75,0,0.01,No
56,1,0.26,No
30,0,0.09,No
54,0,0.63,Yes
43,1,0.47,No
74,0,0.33,No
50,2,0.53,No
52,0,0.13,No
22,0,0.00,No
55,0,0.07,No
68,0,0.61,No
60,0,0.47,Yes
72,0,0.27,No
46,0,0.63,No
41,3,0.32,No
48,1,0.15,No
78,0,0.43,No
32,0,0.72,No
48,4,0.26,No
38,3,0.29,No
60,0,0.35,No
51,2,0.58,No
79,0,0.54,No
75,0,0.00,No
29,0,0.39,Yes
39,0,0.39,No
47,3,0.41,No
49,4,0.34,No
47,2,0.07,No
43,0,0.26,No
75,1,0.12,No
73,0,0.00,No
50,0,0.79,No
56,0,0.08,No
50,0,0.27,No
41,0,0.32,No
55,0,0.09,No
27,0,0.12,No
39,2,0.13,No
41,1,0.76,No
33,1,0.56,No
42,1,0.32,No
59,0,0.30,No
61,1,0.27,No
68,1,0.31,No
48,2,0.81,No
40,0,0.44,No
41,4,0.60,No
79,0,0.37,No
44,3,0.61,No
35,0,0.90,No
34,2,0.57,No
77,1,0.00,No
54,0,0.53,No
51,0,0.32,No
66,0,0.01,No
40,2,0.19,Yes
46,1,0.95,No
45,3,0.10,Yes
62,0,0.18,No
89,0,0.00,No
36,0,0.41,No
63,2,0.39,No
32,1,0.37,No
53,0,0.12,No
45,0,0.40,Yes
47,2,0.75,No
66,0,0.36,Yes
57,1,0.40,No
33,1,0.74,No
59,0,0.00,No
81,0,0.28,No
40,0,0.18,No
44,0,0.66,Yes
39,0,0.10,No
72,0,0.18,No
52,2,0.64,No
50,1,0.17,No
33,4,0.44,Yes
67,0,0.01,No
30,2,0.83,No
48,2,0.41,No
48,4,0.24,No
42,2,0.36,Yes
56,2,0.58,No
47,0,0.32,No
60,0,0.00,No
58,0,0.05,No
56,3,0.28,No
52,2,0.08,No
83,0,0.00,No
62,0,0.02,No
38,2,0.26,No
26,0,0.08,No
50,0,0.28,No
58,1,0.32,No
45,2,0.32,Yes
30,0,0.09,No
41,3,0.80,No
79,0,0.04,No
39,0,0.15,No
48,0,0.46,No
52,1,0.66,No
47,2,0.68,No
31,0,0.13,No
38,3,0.41,No
61,1,0.78,No
30,0,0.41,Yes
45,3,0.01,Yes
33,2,0.30,Yes
58,1,0.54,No
55,0,0.39,No
67,1,0.49,No
46,0,0.32,Yes
66,1,0.37,No
56,1,0.46,Yes
47,0,0.28,No
60,1,0.21,No
54,1,0.04,Yes
51,0,0.15,Yes
40,2,0.36,No
86,0,0.01,No
56,0,0.00,No
76,0,0.00,No
35,0,0.00,No
68,0,0.04,No
44,2,0.24,No
28,0,0.17,No
68,0,0.20,No
39,6,0.38,No
60,0,0.42,No
23,0,0.00,No
63,0,0.20,Yes
75,0,0.00,No
55,0,0.18,No
65,0,0.47,No
51,2,0.52,No
68,0,0.01,No
67,1,0.25,Yes
51,1,0.52,No
49,2,0.46,No
43,1,0.36,Yes
50,2,0.10,No
63,2,0.23,No
43,1,0.26,No
78,0,0.01,No
36,2,0.60,No
62,1,0.07,No
37,0,0.08,No
29,1,0.14,No
39,1,0.64,No
55,0,0.57,No
64,0,0.40,No
47,4,0.14,No
49,1,0.36,No
59,2,0.66,Yes
55,0,0.37,No
62,0,0.25,Yes
35,0,0.24,No
42,0,0.09,No
80,0,0.05,No
76,0,0.81,No
82,0,0.00,No
61,0,0.57,No
65,0,0.15,No
57,0,0.01,No
48,1,0.34,No
65,0,0.20,No
46,2,0.46,No
55,2,0.23,No
41,0,0.21,No
49,0,0.07,No
47,0,0.52,No
36,3,0.23,Yes
38,2,0.52,No
83,0,0.01,No
37,0,0.17,Yes
53,0,0.53,No
57,0,0.30,No
40,0,0.32,No
69,0,0.01,No
46,3,0.41,No
48,0,0.43,Yes
36,2,0.64,No
59,0,0.00,No
43,1,0.17,Yes
42,3,0.52,Yes
45,1,0.51,No
56,0,0.38,No
78,1,0.08,No
49,6,0.49,No
53,0,0.23,No
46,0,0.01,No
46,2,0.29,No
44,3,0.22,Yes
46,1,0.26,Yes
50,0,0.65,No
47,0,0.11,No
42,4,0.08,No
63,0,0.00,No
26,2,0.36,Yes
60,1,0.08,No
51,1,0.13,No
24,0,0.01,No
81,0,0.43,No
44,0,0.08,Yes
56,0,0.49,No
60,0,0.37,Yes
59,0,0.17,No
70,0,0.22,No
29,0,0.16,No
51,0,0.33,No
40,0,0.06,No
42,2,0.22,No
62,3,0.19,No
55,1,0.42,No
55,1,0.50,No
58,1,0.35,No
59,0,0.27,No
64,0,0.27,No
47,4,0.20,Yes
59,0,0.48,Yes
37,2,0.68,No
47,5,0.22,Yes
59,3,0.02,No
54,0,0.46,No
39,1,0.26,No
40,1,0.12,No
63,0,0.21,No
67,2,0.33,No
23,0,0.15,No
43,3,0.61,No
38,0,0.31,No
69,0,0.00,No
63,0,0.02,No
36,2,0.10,No
32,0,0.15,No
59,0,0.30,No
44,4,0.45,No
61,0,0.03,No
59,1,0.34,No
28,0,0.33,No
46,1,0.50,Yes
56,0,0.03,No
65,0,0.40,No
52,0,0.93,Yes
50,4,0.64,No
60,4,0.43,No
49,2,0.65,No
35,2,0.76,No
57,2,0.23,No
50,1,0.46,No
41,3,0.24,No
36,0,0.20,No
32,1,0.30,No
42,3,0.53,No
28,0,0.07,No
46,3,0.27,No
58,0,0.55,Yes
62,1,0.75,No
65,0,0.02,No
32,0,0.32,No
79,0,0.09,No
73,0,0.00,No
71,0,0.11,No
48,0,0.38,No
79,0,0.08,No
40,1,0.24,No
24,0,0.47,No
43,1,0.15,Yes
31,0,0.40,No
57,0,0.46,No
27,2,0.16,Yes
32,0,0.42,Yes
80,0,0.21,No
68,0,0.05,No
45,1,0.50,No
60,0,0.19,No
49,0,0.57,Yes
57,1,0.14,No
66,0,0.18,No
51,0,0.45,No
38,0,0.23,No
63,2,0.15,No
61,0,0.61,No
76,0,0.19,No
48,2,0.15,Yes
62,5,0.78,No
34,0,0.31,No
45,1,0.15,Yes
61,1,0.54,No
64,3,0.35,No
56,1,0.89,No
55,1,0.21,No
54,0,0.23,Yes
42,0,0.41,No
62,1,0.70,No
62,0,0.32,Yes
45,1,0.17,No
44,3,0.53,No
52,0,0.60,No
77,0,0.00,No
56,2,0.17,No
66,0,0.77,No
54,4,0.97,Yes
52,3,0.15,No
58,1,0.14,No
55,2,0.12,No
61,0,0.50,No
29,0,0.40,No
53,1,0.18,Yes
33,3,0.27,No
45,4,0.56,No
57,0,0.41,No
49,0,0.50,No
29,0,0.87,No
63,0,0.32,Yes
39,2,0.06,No
79,0,0.23,No
63,0,0.74,No
51,0,0.44,No
63,1,0.20,No
40,1,0.64,No
50,1,0.57,No
62,0,0.74,No
53,0,0.88,Yes
28,1,0.23,No
40,3,0.44,Yes
33,3,0.22,No
56,1,0.24,No
54,0,0.60,No
56,3,0.29,No
70,0,0.58,No
58,0,0.18,No
93,0,0.00,Yes
73,0,0.31,No
58,0,0.27,No
38,0,0.18,Yes
53,2,0.35,No
72,1,0.10,No
60,0,0.25,No
75,0,0.30,No
69,0,0.00,No
44,0,0.80,Yes
63,0,0.59,No
51,2,0.06,No
52,0,0.27,No
39,0,0.29,No
36,1,0.24,No
42,1,0.26,No
36,1,0.07,No
58,0,0.43,No
45,2,0.52,No
39,3,0.29,No
61,0,0.49,No
55,4,0.27,No
56,0,0.81,No
24,0,0.00,No
54,1,0.18,No
34,0,0.05,No
41,3,0.74,No
68,3,0.05,No
60,1,0.15,No
76,0,0.19,No
46,2,0.24,No
47,2,0.02,No
50,4,0.05,No
59,1,0.02,No
62,0,0.39,No
59,0,0.18,No
51,3,0.15,Yes
62,0,0.00,No
90,0,0.00,No
69,0,0.20,No
51,1,0.54,No
54,5,0.53,Yes
50,2,0.14,No
67,0,0.32,No
67,0,0.19,Yes
29,0,0.69,No
66,0,0.22,No
53,2,0.56,No
67,0,0.72,No
28,0,0.25,No
92,0,0.00,No
29,0,0.30,Yes
55,0,0.47,Yes
41,0,0.54,Yes
87,0,0.57,Yes
63,1,0.47,No
71,1,0.43,No
42,0,0.45,No
50,1,0.32,No
41,3,0.38,No
58,0,0.37,Yes
60,0,0.34,No
58,0,0.26,No
45,1,0.19,Yes
34,1,0.09,No
65,0,0.27,No
47,2,0.53,No
50,2,0.35,Yes
70,0,0.01,No
67,0,0.16,No
39,3,0.52,Yes
38,2,0.17,No
35,2,0.10,No
45,3,0.37,No
46,0,0.31,Yes
88,0,0.00,Yes
37,0,0.64,No
42,0,0.46,No
36,0,0.15,No
61,0,0.13,No
63,1,0.35,No
52,4,0.35,No
45,2,0.05,No
59,0,0.55,No
27,0,0.54,No
50,1,0.19,No
38,0,0.09,Yes
52,0,0.31,No
42,2,0.23,No
46,0,0.64,Yes
46,0,0.10,Yes
42,4,0.06,No
58,3,0.27,No
46,0,0.54,Yes
56,0,0.66,No
54,0,0.18,Yes
23,0,0.01,No
27,0,0.08,No
50,1,0.29,No
61,0,0.39,No
31,3,0.18,No
34,0,0.04,No
51,3,0.32,No
29,0,0.31,Yes
53,1,0.32,No
35,1,0.03,No
65,0,0.00,No
24,0,0.00,No
35,1,0.30,No
59,0,0.20,Yes
51,0,0.53,No
58,0,0.18,No
54,0,0.23,No
37,2,0.37,Yes
56,0,0.28,Yes
58,0,0.27,Yes
62,0,0.01,No
49,0,0.51,No
44,2,0.28,No
47,3,0.22,No
36,0,0.50,No
47,2,0.43,No
33,1,0.09,Yes
44,0,0.46,No
74,0,0.32,Yes
38,2,0.91,No
79,0,0.01,No
53,1,0.71,Yes
87,0,0.16,No
33,0,0.37,No
53,0,0.58,No
51,0,0.29,No
36,1,0.56,No
57,1,0.80,Yes
50,0,0.43,Yes
44,6,0.46,No
62,0,0.23,No
33,0,0.10,Yes
75,0,0.01,No
75,0,0.94,Yes
49,0,0.30,No
64,0,0.33,No
56,2,0.44,No
39,1,0.07,Yes
63,1,0.17,No
61,1,0.21,No
80,1,0.00,No
57,1,0.23,No
52,0,0.23,No
58,0,0.24,No
43,1,0.01,Yes
47,0,0.24,No
47,2,0.56,No
34,2,0.28,No
53,1,0.28,No
59,1,0.32,No
82,0,0.02,No
83,0,0.00,No
41,2,0.37,No
70,0,0.00,No
36,0,0.29,No
70,0,0.00,No
27,0,0.08,No
51,2,0.18,Yes
54,0,0.12,No
49,0,0.25,No
37,1,0.53,No
48,0,0.48,No
54,0,0.22,No
42,2,0.08,No
62,1,0.22,No
39,0,0.24,No
58,2,0.47,Yes
46,2,0.48,No
49,2,0.05,Yes
24,0,0.36,No
73,0,0.00,No
36,0,0.31,No
36,0,0.08,No
56,1,0.66,No
94,0,0.00,No
52,0,0.81,No
59,0,0.73,No
67,0,0.24,No
53,2,0.64,Yes
62,2,0.71,No
47,1,0.44,No
79,0,0.67,No
48,6,0.18,No
55,1,0.27,No
74,0,0.01,No
59,1,0.39,No
53,3,0.40,No
31,1,0.08,No
62,1,0.54,Yes
60,0,0.55,No
57,2,0.34,Yes
57,0,0.30,Yes
47,2,0.78,Yes
60,0,0.45,No
71,0,0.36,No
23,0,0.38,No
40,3,0.34,No
53,0,0.34,No
57,2,0.41,No
48,2,0.42,No
39,3,0.44,No
59,0,0.00,No
65,0,0.56,No
43,1,0.25,No
41,1,0.11,No
35,0,0.29,No
76,0,0.05,No
64,0,0.02,No
46,0,0.57,No
54,2,0.30,No
46,2,0.06,No
65,0,0.17,No
34,0,0.21,No
60,0,0.09,No
40,0,0.34,No
59,0,0.87,Yes
49,0,0.19,No
79,1,0.33,Yes
35,1,0.02,No
63,1,0.24,No
55,0,0.31,Yes
57,0,0.42,No
47,2,0.22,No
60,0,0.05,No
47,2,0.20,Yes
67,0,0.16,No
32,0,0.63,No
53,0,0.28,Yes
56,2,0.92,No
61,0,0.52,No
39,0,0.33,No
36,1,0.61,No
53,1,0.28,Yes
75,1,0.32,No
30,0,0.14,No
39,0,0.44,Yes
39,3,0.38,Yes
61,1,0.70,No
42,0,0.92,No
24,0,0.03,No
37,2,0.46,No
40,3,0.88,No
40,1,0.58,Yes
35,1,0.33,No
35,0,0.26,No
52,0,0.74,Yes
56,0,0.23,No
37,2,0.56,Yes
67,0,0.25,No
37,2,0.46,No
76,1,0.29,No
43,4,0.53,No
26,0,0.28,No
41,0,0.40,No
39,1,0.39,Yes
56,1,0.25,No
62,1,0.70,No
71,0,0.19,No
70,0,0.12,No
45,0,0.43,No
43,4,0.06,Yes
60,0,0.01,No
58,1,0.84,No
54,2,0.24,No
33,0,0.13,Yes
24,0,0.04,No
62,0,0.27,Yes
48,3,0.28,Yes
48,1,0.26,No
38,0,0.25,No
59,1,0.16,No
35,0,0.21,Yes
49,1,0.32,No
60,0,0.22,No
29,1,0.46,No
58,1,0.29,No
84,0,0.28,No
66,2,0.33,No
54,1,0.17,No
64,1,0.19,No
59,0,0.18,Yes
35,0,0.00,No
66,0,0.37,No
44,0,0.05,No
58,0,0.22,No
58,0,0.12,No
48,2,0.17,No
52,0,0.36,No
47,0,0.46,No
65,0,0.04,No
44,3,0.43,No
61,1,0.72,No
40,1,0.58,No
52,2,0.16,No
37,1,0.48,Yes
61,0,0.25,No
48,2,0.45,No
36,0,0.42,No
52,0,0.45,No
49,2,0.09,No
48,0,0.37,No
38,1,0.26,No
49,0,0.44,No
50,1,0.02,No
41,2,0.16,Yes
51,4,0.30,No
72,1,0.39,No
39,1,0.29,No
28,0,0.01,No
72,0,0.15,No
68,0,0.22,No
71,0,0.07,No
65,0,0.21,No
52,3,0.58,No
58,1,0.01,No
40,3,0.66,No
45,2,0.48,No
64,1,0.30,No
72,0,0.06,No
44,1,0.06,Yes
50,0,0.42,No
57,0,0.26,No
56,3,0.36,No
88,1,0.18,Yes
49,0,0.34,Yes
61,0,0.44,No
26,0,0.00,No
47,2,0.13,Yes
73,0,0.30,No
39,1,0.08,No
67,0,0.00,No
65,0,0.39,No
44,2,0.53,Yes
58,2,0.50,No
36,2,0.30,No
89,0,0.00,No
68,0,0.50,No
49,4,0.20,No
34,0,0.39,No
56,0,0.36,No
67,0,0.00,No
62,0,0.04,No
32,3,0.46,No
60,0,0.83,No
52,0,0.36,No
52,0,0.26,No
53,1,0.15,Yes
52,2,0.09,No
62,1,0.57,No
25,0,0.13,No
37,2,0.76,No
31,0,0.17,No
66,2,0.14,Yes
43,0,0.33,No
48,0,0.36,Yes
56,0,0.04,No
67,0,0.01,No
62,0,0.00,No
44,2,0.54,Yes
62,0,0.13,No
67,0,0.54,Yes
44,4,0.58,No
55,0,0.26,No
29,0,0.19,No
35,1,0.65,No
31,0,0.59,No
77,1,0.01,No
49,0,0.68,Yes
63,1,0.52,Yes
62,0,0.88,No
30,0,0.26,No
62,1,0.21,No
40,6,0.32,No
78,0,0.07,No
65,0,0.06,Yes
48,2,0.67,No
49,1,0.33,No
59,0,0.13,No
47,0,0.37,No
46,1,0.79,No
46,0,0.12,No
32,0,0.02,No
39,0,0.08,Yes
63,0,0.70,No
45,3,0.26,No
54,0,0.56,Yes
28,0,0.97,No
49,0,0.24,No
40,0,0.59,No
58,0,0.27,No
68,0,0.14,No
44,2,0.32,No
50,6,0.20,No
52,3,0.21,No
57,0,0.54,No
79,0,0.37,No
47,4,0.36,No
33,0,0.55,No
65,0,0.04,No
88,0,0.00,Yes
53,4,0.29,No
57,0,0.48,Yes
48,2,0.54,No
38,3,0.41,No
56,0,0.11,Yes
48,2,0.44,Yes
25,0,0.13,No
41,0,0.20,No
47,3,0.53,No
73,1,0.24,No
62,1,0.41,No
32,0,0.09,No
89,0,0.01,No
53,2,0.48,No
43,0,0.00,No
52,1,0.14,No
46,0,0.11,No
52,2,0.01,No
61,0,0.18,No
67,0,0.11,Yes
40,2,0.84,No
47,1,0.02,No
26,0,1.00,No
59,1,0.53,No
32,3,0.08,Yes
56,2,0.44,No
36,2,0.01,No
70,0,0.67,No
32,2,0.30,No
22,0,0.00,No
75,0,0.14,No
51,4,0.02,No
49,0,0.20,Yes
55,1,0.22,No
54,1,0.53,No
52,0,0.26,No
67,0,0.20,No
46,0,0.36,No
53,5,0.27,No
74,0,0.17,No
27,0,0.19,No
41,0,0.27,Yes
55,0,0.44,Yes
55,1,0.25,No
57,1,0.30,No
54,1,0.17,Yes
45,1,0.51,No
48,2,0.10,No
69,1,0.04,No
57,0,0.29,No
54,1,0.32,No
28,0,0.18,No
55,0,0.72,No
56,0,0.24,No
63,0,0.51,No
61,0,0.24,No
37,2,0.60,No
35,0,0.18,Yes
43,0,0.48,No
28,1,0.33,No
30,1,0.09,No
53,0,0.19,No
52,0,0.25,No
45,2,0.25,No
32,0,0.18,No
50,4,0.00,No
46,1,0.58,Yes
39,0,0.99,Yes
23,0,0.15,Yes
34,0,0.19,No
43,0,0.46,No
89,0,0.00,No
63,0,0.39,No
65,0,0.93,No
45,0,0.34,No
61,0,0.21,No
35,2,0.29,No
42,0,0.03,No
53,1,0.32,No
34,0,0.17,No
62,0,0.12,No
34,1,0.00,No
35,0,0.12,No
52,0,0.41,No
46,0,0.26,No
58,1,0.29,No
50,1,0.27,No
37,1,0.12,No
65,0,0.49,No
45,0,0.20,No
49,2,0.32,No
38,1,0.10,No
56,2,0.48,No
60,2,0.44,No
33,1,0.45,No
45,0,0.40,Yes
58,4,0.34,No
26,0,0.12,No
55,0,0.40,No
34,0,0.33,No
29,0,0.62,No
48,2,0.16,No
46,3,0.43,Yes
52,4,0.41,No
50,2,0.56,No
48,2,0.39,No
38,2,0.46,No
28,0,0.15,No
50,0,0.98,No
37,1,0.72,No
26,0,0.00,No
54,0,0.00,No
51,2,0.23,No
54,0,0.18,No
53,3,0.25,No
47,0,0.13,No
61,1,0.11,Yes
39,2,0.31,No
40,0,0.85,No
66,0,0.01,Yes
29,0,0.00,No
38,1,0.29,No
78,0,0.08,No
36,0,0.72,No
36,0,0.48,No
29,0,0.00,No
30,0,0.50,No
43,0,0.00,No
68,0,0.37,No
35,0,0.14,No
68,1,0.19,No
39,1,0.14,Yes
54,0,0.59,No
30,0,0.39,No
35,0,0.06,No
51,1,0.28,No
51,5,0.20,No
49,1,0.18,Yes
40,2,0.58,Yes
42,1,0.79,Yes
44,0,0.56,No
35,2,0.06,No
41,0,0.13,No
65,1,0.12,No
35,0,0.01,No
36,2,0.59,No
42,0,0.52,No
31,0,0.40,No
63,1,0.25,No
57,3,0.21,No
29,0,0.42,No
54,1,0.30,No
47,0,0.26,No
45,2,0.36,No
48,1,0.03,Yes
64,0,0.18,No
56,3,0.28,No
52,2,0.29,No
40,0,0.89,Yes
52,2,0.16,No
52,1,0.21,Yes
44,2,0.75,Yes
36,3,0.47,No
